1,2,3,4,5,6,7,8,9,10,11,12,13,14,15,16,17,18,19,20,21,22,23,24,25,26,27,28,29,30,31,32,33,34,35,36,37,38,39,40,41,42,43,44,45,46,47,48,49,50,51,52,53,54,heuristic
"[255, 255, 255]","[255, 255, 255]","[255, 255, 255]","[255, 255, 255]","[255, 255, 255]","[255, 255, 255]","[255, 255, 255]","[255, 255, 255]","[255, 255, 255]","[0, 128, 0]","[0, 128, 0]","[0, 128, 0]","[0, 128, 0]","[0, 128, 0]","[0, 128, 0]","[255, 0, 0]","[255, 0, 0]","[255, 0, 0]","[255, 0, 0]","[255, 0, 0]","[255, 0, 0]","[255, 0, 0]","[255, 0, 0]","[255, 0, 0]","[0, 0, 255]","[0, 0, 255]","[0, 0, 255]","[0, 0, 255]","[0, 0, 255]","[0, 0, 255]","[0, 0, 255]","[0, 0, 255]","[0, 0, 255]","[255, 160, 122]","[255, 160, 122]","[255, 160, 122]","[255, 160, 122]","[255, 160, 122]","[255, 160, 122]","[255, 160, 122]","[255, 160, 122]","[255, 160, 122]","[0, 128, 0]","[0, 128, 0]","[0, 128, 0]","[255, 255, 0]","[255, 255, 0]","[255, 255, 0]","[255, 255, 0]","[255, 255, 0]","[255, 255, 0]","[255, 255, 0]","[255, 255, 0]","[255, 255, 0]",0
"[255, 255, 255]","[255, 255, 255]","[255, 255, 255]","[255, 255, 255]","[255, 255, 255]","[255, 255, 255]","[255, 255, 255]","[255, 255, 255]","[255, 255, 255]","[255, 160, 122]","[255, 160, 122]","[255, 160, 122]","[0, 128, 0]","[0, 128, 0]","[0, 128, 0]","[255, 0, 0]","[255, 0, 0]","[255, 0, 0]","[0, 128, 0]","[0, 128, 0]","[0, 128, 0]","[255, 0, 0]","[255, 0, 0]","[255, 0, 0]","[0, 0, 255]","[0, 0, 255]","[0, 0, 255]","[255, 0, 0]","[255, 0, 0]","[255, 0, 0]","[0, 0, 255]","[0, 0, 255]","[0, 0, 255]","[255, 160, 122]","[255, 160, 122]","[255, 160, 122]","[0, 0, 255]","[0, 0, 255]","[0, 0, 255]","[255, 160, 122]","[255, 160, 122]","[255, 160, 122]","[0, 128, 0]","[0, 128, 0]","[0, 128, 0]","[255, 255, 0]","[255, 255, 0]","[255, 255, 0]","[255, 255, 0]","[255, 255, 0]","[255, 255, 0]","[255, 255, 0]","[255, 255, 0]","[255, 255, 0]",0
"[0, 128, 0]","[255, 255, 255]","[255, 255, 255]","[255, 160, 122]","[255, 255, 255]","[255, 255, 255]","[0, 0, 255]","[255, 255, 255]","[255, 255, 255]","[255, 0, 0]","[0, 128, 0]","[255, 160, 122]","[255, 0, 0]","[0, 128, 0]","[255, 160, 122]","[255, 0, 0]","[0, 128, 0]","[255, 160, 122]","[255, 255, 255]","[0, 128, 0]","[0, 128, 0]","[255, 255, 255]","[255, 0, 0]","[255, 0, 0]","[255, 255, 255]","[0, 0, 255]","[0, 0, 255]","[255, 0, 0]","[255, 0, 0]","[255, 0, 0]","[0, 0, 255]","[0, 0, 255]","[0, 0, 255]","[255, 160, 122]","[255, 160, 122]","[255, 160, 122]","[0, 0, 255]","[0, 0, 255]","[255, 255, 0]","[255, 160, 122]","[255, 160, 122]","[255, 255, 0]","[0, 128, 0]","[0, 128, 0]","[255, 255, 0]","[0, 128, 0]","[255, 255, 0]","[255, 255, 0]","[255, 0, 0]","[255, 255, 0]","[255, 255, 0]","[0, 0, 255]","[255, 255, 0]","[255, 255, 0]",0
"[0, 0, 255]","[255, 160, 122]","[0, 128, 0]","[255, 255, 255]","[255, 255, 255]","[255, 255, 255]","[255, 255, 255]","[255, 255, 255]","[255, 255, 255]","[255, 255, 255]","[0, 128, 0]","[0, 128, 0]","[255, 0, 0]","[0, 128, 0]","[255, 160, 122]","[255, 0, 0]","[0, 128, 0]","[255, 160, 122]","[255, 0, 0]","[255, 0, 0]","[255, 0, 0]","[255, 255, 255]","[255, 0, 0]","[255, 0, 0]","[255, 255, 255]","[0, 0, 255]","[0, 0, 255]","[0, 0, 255]","[0, 0, 255]","[255, 255, 0]","[0, 0, 255]","[0, 0, 255]","[0, 0, 255]","[255, 160, 122]","[255, 160, 122]","[255, 160, 122]","[255, 0, 0]","[0, 128, 0]","[255, 160, 122]","[255, 160, 122]","[255, 160, 122]","[255, 255, 0]","[0, 128, 0]","[0, 128, 0]","[255, 255, 0]","[0, 128, 0]","[255, 255, 0]","[255, 255, 0]","[255, 0, 0]","[255, 255, 0]","[255, 255, 0]","[0, 0, 255]","[255, 255, 0]","[255, 255, 0]",0
"[255, 255, 0]","[0, 0, 255]","[255, 160, 122]","[255, 255, 255]","[255, 255, 255]","[255, 255, 255]","[255, 255, 255]","[255, 255, 255]","[255, 255, 255]","[0, 128, 0]","[0, 128, 0]","[0, 128, 0]","[255, 160, 122]","[0, 128, 0]","[255, 160, 122]","[0, 0, 255]","[0, 128, 0]","[255, 160, 122]","[255, 0, 0]","[255, 0, 0]","[255, 0, 0]","[255, 255, 255]","[255, 0, 0]","[255, 0, 0]","[255, 255, 255]","[0, 0, 255]","[0, 0, 255]","[0, 0, 255]","[0, 0, 255]","[255, 255, 0]","[0, 0, 255]","[0, 0, 255]","[255, 255, 0]","[255, 160, 122]","[255, 160, 122]","[0, 0, 255]","[0, 128, 0]","[255, 160, 122]","[255, 0, 0]","[0, 128, 0]","[255, 160, 122]","[0, 128, 0]","[255, 255, 0]","[255, 255, 0]","[255, 160, 122]","[0, 128, 0]","[255, 255, 0]","[255, 255, 0]","[255, 0, 0]","[255, 255, 0]","[255, 255, 0]","[255, 255, 255]","[255, 0, 0]","[255, 0, 0]",0
"[255, 160, 122]","[0, 0, 255]","[255, 160, 122]","[0, 128, 0]","[255, 255, 255]","[255, 255, 255]","[0, 0, 255]","[0, 0, 255]","[255, 160, 122]","[0, 0, 255]","[255, 160, 122]","[255, 255, 255]","[0, 128, 0]","[0, 128, 0]","[255, 255, 255]","[255, 160, 122]","[255, 160, 122]","[255, 0, 0]","[255, 0, 0]","[255, 0, 0]","[0, 0, 255]","[255, 0, 0]","[255, 0, 0]","[0, 0, 255]","[255, 255, 0]","[255, 255, 255]","[255, 255, 255]","[255, 255, 0]","[0, 0, 255]","[255, 255, 0]","[255, 255, 0]","[0, 0, 255]","[255, 255, 0]","[255, 0, 0]","[255, 160, 122]","[0, 0, 255]","[0, 128, 0]","[255, 160, 122]","[255, 255, 255]","[0, 128, 0]","[255, 160, 122]","[255, 0, 0]","[255, 255, 0]","[255, 255, 0]","[0, 128, 0]","[0, 128, 0]","[0, 128, 0]","[0, 128, 0]","[255, 255, 255]","[255, 255, 0]","[255, 255, 0]","[255, 255, 255]","[255, 0, 0]","[255, 0, 0]",1
"[255, 160, 122]","[0, 0, 255]","[255, 160, 122]","[0, 128, 0]","[255, 255, 255]","[0, 128, 0]","[0, 0, 255]","[0, 0, 255]","[0, 128, 0]","[0, 0, 255]","[255, 160, 122]","[255, 255, 255]","[0, 128, 0]","[0, 128, 0]","[255, 255, 255]","[255, 255, 0]","[255, 255, 255]","[255, 255, 255]","[255, 0, 0]","[255, 0, 0]","[255, 160, 122]","[255, 0, 0]","[255, 0, 0]","[255, 255, 255]","[255, 0, 0]","[255, 160, 122]","[255, 160, 122]","[255, 255, 0]","[255, 255, 0]","[0, 128, 0]","[0, 0, 255]","[0, 0, 255]","[255, 255, 0]","[255, 255, 0]","[255, 255, 0]","[255, 255, 0]","[255, 255, 255]","[255, 160, 122]","[255, 255, 255]","[255, 0, 0]","[255, 160, 122]","[255, 0, 0]","[255, 0, 0]","[255, 160, 122]","[255, 0, 0]","[0, 128, 0]","[255, 255, 0]","[0, 0, 255]","[0, 128, 0]","[255, 255, 0]","[0, 0, 255]","[0, 128, 0]","[255, 255, 255]","[0, 0, 255]",1
"[255, 0, 0]","[0, 128, 0]","[0, 0, 255]","[0, 128, 0]","[255, 255, 255]","[0, 128, 0]","[0, 0, 255]","[0, 0, 255]","[0, 128, 0]","[0, 128, 0]","[255, 160, 122]","[255, 255, 255]","[0, 128, 0]","[0, 128, 0]","[255, 255, 255]","[0, 128, 0]","[255, 160, 122]","[255, 160, 122]","[255, 0, 0]","[255, 0, 0]","[255, 160, 122]","[255, 0, 0]","[255, 0, 0]","[255, 255, 255]","[255, 255, 0]","[255, 255, 0]","[255, 255, 0]","[255, 255, 0]","[255, 255, 0]","[255, 160, 122]","[0, 0, 255]","[0, 0, 255]","[0, 0, 255]","[255, 0, 0]","[255, 160, 122]","[255, 160, 122]","[255, 255, 255]","[255, 0, 0]","[255, 255, 255]","[255, 160, 122]","[255, 160, 122]","[255, 255, 255]","[255, 255, 255]","[255, 0, 0]","[255, 255, 0]","[0, 0, 255]","[0, 0, 255]","[0, 0, 255]","[255, 255, 0]","[255, 255, 0]","[255, 255, 255]","[255, 0, 0]","[255, 255, 0]","[0, 128, 0]",1
"[255, 0, 0]","[0, 128, 0]","[0, 0, 255]","[0, 128, 0]","[255, 255, 255]","[255, 255, 255]","[0, 0, 255]","[0, 0, 255]","[0, 128, 0]","[0, 128, 0]","[255, 160, 122]","[255, 255, 255]","[0, 128, 0]","[0, 128, 0]","[255, 255, 255]","[0, 128, 0]","[255, 160, 122]","[255, 160, 122]","[255, 0, 0]","[255, 0, 0]","[255, 255, 255]","[255, 0, 0]","[255, 0, 0]","[255, 160, 122]","[255, 255, 0]","[255, 255, 0]","[255, 255, 255]","[255, 160, 122]","[255, 160, 122]","[255, 0, 0]","[0, 0, 255]","[0, 0, 255]","[0, 0, 255]","[255, 160, 122]","[255, 255, 0]","[255, 255, 0]","[255, 255, 0]","[255, 0, 0]","[255, 255, 255]","[255, 255, 255]","[255, 160, 122]","[255, 255, 255]","[255, 160, 122]","[255, 0, 0]","[255, 255, 0]","[0, 0, 255]","[0, 0, 255]","[0, 0, 255]","[255, 255, 0]","[255, 255, 0]","[0, 128, 0]","[255, 0, 0]","[255, 255, 0]","[0, 128, 0]",1
"[255, 255, 0]","[0, 128, 0]","[0, 0, 255]","[255, 255, 255]","[255, 255, 255]","[255, 255, 255]","[255, 255, 255]","[255, 255, 255]","[255, 255, 255]","[0, 128, 0]","[0, 128, 0]","[0, 128, 0]","[255, 160, 122]","[0, 128, 0]","[255, 160, 122]","[0, 0, 255]","[0, 0, 255]","[0, 0, 255]","[255, 0, 0]","[255, 0, 0]","[255, 0, 0]","[0, 128, 0]","[255, 0, 0]","[255, 0, 0]","[255, 160, 122]","[255, 160, 122]","[255, 255, 255]","[0, 0, 255]","[255, 160, 122]","[255, 0, 0]","[0, 0, 255]","[0, 0, 255]","[0, 0, 255]","[0, 128, 0]","[255, 255, 0]","[255, 255, 0]","[255, 255, 0]","[255, 0, 0]","[255, 0, 0]","[255, 255, 255]","[255, 160, 122]","[255, 255, 0]","[255, 160, 122]","[255, 0, 0]","[255, 160, 122]","[255, 255, 0]","[0, 0, 255]","[255, 160, 122]","[255, 255, 0]","[255, 255, 0]","[0, 128, 0]","[255, 255, 255]","[255, 255, 0]","[0, 128, 0]",1
"[255, 255, 0]","[0, 128, 0]","[0, 0, 255]","[255, 255, 255]","[255, 255, 255]","[255, 255, 255]","[0, 0, 255]","[255, 160, 122]","[0, 128, 0]","[0, 128, 0]","[0, 128, 0]","[255, 255, 0]","[255, 160, 122]","[0, 128, 0]","[0, 0, 255]","[0, 0, 255]","[0, 0, 255]","[255, 160, 122]","[255, 160, 122]","[0, 128, 0]","[255, 0, 0]","[255, 160, 122]","[255, 0, 0]","[255, 0, 0]","[255, 255, 255]","[255, 0, 0]","[255, 0, 0]","[255, 255, 255]","[255, 160, 122]","[255, 0, 0]","[255, 255, 255]","[0, 0, 255]","[0, 0, 255]","[255, 255, 255]","[255, 255, 0]","[255, 255, 0]","[255, 255, 0]","[255, 0, 0]","[255, 0, 0]","[255, 255, 255]","[255, 160, 122]","[255, 255, 0]","[255, 160, 122]","[255, 0, 0]","[255, 160, 122]","[0, 128, 0]","[0, 0, 255]","[0, 0, 255]","[255, 255, 0]","[255, 255, 0]","[0, 128, 0]","[255, 255, 255]","[255, 255, 0]","[0, 128, 0]",2
"[0, 0, 255]","[255, 160, 122]","[255, 255, 0]","[255, 255, 255]","[255, 255, 255]","[255, 0, 0]","[255, 160, 122]","[0, 0, 255]","[255, 255, 0]","[255, 255, 255]","[0, 128, 0]","[0, 128, 0]","[255, 255, 0]","[0, 128, 0]","[0, 0, 255]","[0, 128, 0]","[0, 0, 255]","[255, 0, 0]","[255, 255, 255]","[255, 160, 122]","[255, 160, 122]","[255, 0, 0]","[255, 0, 0]","[0, 128, 0]","[0, 128, 0]","[255, 255, 255]","[0, 128, 0]","[0, 0, 255]","[0, 128, 0]","[0, 0, 255]","[255, 160, 122]","[0, 0, 255]","[255, 255, 0]","[255, 0, 0]","[255, 255, 255]","[255, 255, 255]","[255, 0, 0]","[255, 255, 0]","[255, 160, 122]","[0, 128, 0]","[255, 160, 122]","[255, 0, 0]","[0, 0, 255]","[255, 255, 255]","[255, 160, 122]","[255, 255, 255]","[255, 160, 122]","[255, 255, 0]","[255, 255, 0]","[255, 255, 0]","[255, 0, 0]","[255, 255, 0]","[0, 0, 255]","[255, 0, 0]",2
"[0, 0, 255]","[255, 160, 122]","[255, 255, 0]","[255, 255, 255]","[255, 255, 255]","[255, 0, 0]","[255, 160, 122]","[0, 0, 255]","[0, 128, 0]","[255, 255, 255]","[0, 128, 0]","[255, 255, 0]","[255, 255, 0]","[0, 128, 0]","[255, 255, 0]","[255, 0, 0]","[0, 128, 0]","[255, 160, 122]","[0, 128, 0]","[255, 0, 0]","[255, 255, 255]","[0, 0, 255]","[255, 0, 0]","[255, 160, 122]","[255, 255, 0]","[255, 255, 255]","[0, 128, 0]","[255, 160, 122]","[0, 128, 0]","[0, 0, 255]","[0, 0, 255]","[0, 0, 255]","[255, 255, 0]","[255, 0, 0]","[255, 255, 255]","[255, 255, 255]","[255, 0, 0]","[255, 255, 0]","[255, 160, 122]","[0, 128, 0]","[255, 160, 122]","[255, 0, 0]","[0, 0, 255]","[255, 255, 255]","[255, 255, 255]","[0, 0, 255]","[255, 160, 122]","[255, 255, 0]","[255, 160, 122]","[255, 255, 0]","[255, 0, 0]","[0, 128, 0]","[0, 0, 255]","[255, 0, 0]",2
"[0, 128, 0]","[255, 255, 255]","[255, 0, 0]","[255, 255, 255]","[255, 255, 255]","[255, 255, 255]","[255, 160, 122]","[0, 0, 255]","[0, 0, 255]","[255, 255, 255]","[0, 128, 0]","[255, 255, 0]","[255, 255, 0]","[0, 128, 0]","[255, 255, 0]","[0, 0, 255]","[0, 128, 0]","[255, 160, 122]","[0, 128, 0]","[255, 0, 0]","[255, 255, 255]","[0, 0, 255]","[255, 0, 0]","[255, 0, 0]","[255, 255, 0]","[255, 255, 255]","[0, 128, 0]","[255, 0, 0]","[0, 0, 255]","[0, 128, 0]","[0, 128, 0]","[0, 0, 255]","[255, 255, 0]","[255, 160, 122]","[0, 0, 255]","[255, 255, 255]","[255, 255, 0]","[255, 0, 0]","[255, 0, 0]","[255, 0, 0]","[255, 160, 122]","[0, 128, 0]","[255, 160, 122]","[255, 255, 0]","[255, 0, 0]","[0, 0, 255]","[255, 160, 122]","[255, 255, 255]","[255, 160, 122]","[255, 255, 0]","[255, 160, 122]","[255, 255, 0]","[255, 160, 122]","[0, 0, 255]",2
"[0, 128, 0]","[255, 255, 255]","[0, 128, 0]","[255, 255, 0]","[255, 255, 255]","[255, 255, 255]","[255, 255, 0]","[255, 255, 255]","[255, 0, 0]","[255, 160, 122]","[0, 0, 255]","[0, 128, 0]","[255, 255, 0]","[0, 128, 0]","[255, 160, 122]","[255, 255, 0]","[255, 255, 255]","[0, 0, 255]","[255, 160, 122]","[0, 0, 255]","[0, 128, 0]","[0, 0, 255]","[255, 0, 0]","[255, 0, 0]","[255, 255, 255]","[255, 0, 0]","[255, 255, 255]","[255, 255, 0]","[255, 0, 0]","[255, 0, 0]","[0, 0, 255]","[0, 0, 255]","[255, 255, 0]","[0, 0, 255]","[255, 255, 0]","[255, 0, 0]","[255, 255, 255]","[0, 128, 0]","[255, 255, 255]","[255, 0, 0]","[255, 160, 122]","[0, 128, 0]","[0, 0, 255]","[0, 128, 0]","[255, 160, 122]","[255, 160, 122]","[0, 128, 0]","[255, 0, 0]","[255, 160, 122]","[255, 255, 0]","[255, 160, 122]","[0, 0, 255]","[255, 160, 122]","[255, 255, 0]",2
"[255, 255, 0]","[255, 255, 0]","[0, 128, 0]","[0, 0, 255]","[255, 255, 255]","[255, 255, 255]","[255, 160, 122]","[255, 255, 255]","[255, 255, 255]","[0, 128, 0]","[255, 0, 0]","[0, 0, 255]","[255, 255, 0]","[0, 128, 0]","[255, 160, 122]","[0, 0, 255]","[0, 128, 0]","[0, 128, 0]","[255, 255, 0]","[0, 0, 255]","[255, 0, 0]","[255, 255, 255]","[255, 0, 0]","[255, 0, 0]","[255, 255, 0]","[255, 0, 0]","[255, 0, 0]","[0, 0, 255]","[0, 128, 0]","[255, 255, 255]","[255, 255, 255]","[0, 0, 255]","[255, 255, 0]","[0, 128, 0]","[0, 0, 255]","[255, 255, 255]","[255, 160, 122]","[0, 0, 255]","[255, 0, 0]","[255, 0, 0]","[255, 160, 122]","[0, 128, 0]","[255, 160, 122]","[255, 255, 0]","[255, 0, 0]","[255, 160, 122]","[0, 128, 0]","[255, 255, 255]","[255, 160, 122]","[255, 255, 0]","[255, 160, 122]","[255, 255, 0]","[255, 160, 122]","[0, 0, 255]",3
"[0, 0, 255]","[255, 255, 0]","[0, 0, 255]","[255, 255, 255]","[255, 255, 255]","[0, 0, 255]","[0, 128, 0]","[255, 255, 0]","[255, 255, 0]","[255, 255, 0]","[0, 128, 0]","[255, 255, 255]","[255, 160, 122]","[0, 128, 0]","[255, 160, 122]","[255, 255, 0]","[255, 0, 0]","[255, 0, 0]","[255, 160, 122]","[0, 0, 255]","[255, 0, 0]","[255, 255, 255]","[255, 0, 0]","[255, 0, 0]","[0, 128, 0]","[0, 0, 255]","[255, 160, 122]","[0, 128, 0]","[255, 0, 0]","[255, 255, 255]","[255, 255, 255]","[0, 0, 255]","[255, 255, 255]","[255, 255, 0]","[255, 0, 0]","[255, 160, 122]","[255, 0, 0]","[0, 128, 0]","[255, 0, 0]","[0, 0, 255]","[255, 160, 122]","[255, 255, 0]","[0, 0, 255]","[0, 128, 0]","[0, 128, 0]","[255, 255, 255]","[255, 160, 122]","[0, 0, 255]","[0, 128, 0]","[255, 255, 0]","[255, 255, 0]","[255, 160, 122]","[255, 160, 122]","[255, 255, 255]",3
"[255, 255, 0]","[255, 160, 122]","[255, 0, 0]","[255, 255, 255]","[255, 255, 255]","[255, 0, 0]","[0, 128, 0]","[255, 255, 0]","[255, 160, 122]","[255, 160, 122]","[0, 128, 0]","[255, 255, 255]","[255, 160, 122]","[0, 128, 0]","[255, 160, 122]","[255, 255, 255]","[255, 0, 0]","[255, 0, 0]","[255, 160, 122]","[0, 0, 255]","[0, 0, 255]","[255, 255, 255]","[255, 0, 0]","[255, 255, 0]","[0, 128, 0]","[0, 0, 255]","[255, 255, 255]","[255, 255, 0]","[255, 255, 255]","[0, 128, 0]","[255, 0, 0]","[0, 0, 255]","[255, 0, 0]","[0, 0, 255]","[255, 255, 0]","[0, 0, 255]","[255, 255, 0]","[255, 255, 0]","[0, 128, 0]","[0, 0, 255]","[255, 160, 122]","[0, 128, 0]","[255, 255, 0]","[0, 0, 255]","[0, 0, 255]","[255, 255, 255]","[255, 160, 122]","[255, 0, 0]","[0, 128, 0]","[255, 255, 0]","[0, 128, 0]","[255, 160, 122]","[255, 255, 255]","[255, 0, 0]",3
"[0, 128, 0]","[255, 0, 0]","[0, 0, 255]","[255, 255, 255]","[255, 255, 255]","[255, 255, 0]","[0, 128, 0]","[255, 255, 0]","[0, 128, 0]","[255, 0, 0]","[0, 128, 0]","[255, 255, 255]","[255, 160, 122]","[0, 128, 0]","[255, 160, 122]","[0, 0, 255]","[255, 255, 0]","[255, 160, 122]","[255, 160, 122]","[0, 0, 255]","[255, 160, 122]","[255, 255, 255]","[255, 0, 0]","[0, 128, 0]","[0, 0, 255]","[0, 128, 0]","[255, 255, 255]","[255, 255, 0]","[255, 0, 0]","[255, 255, 0]","[255, 0, 0]","[0, 0, 255]","[255, 255, 255]","[255, 0, 0]","[255, 255, 255]","[255, 0, 0]","[255, 160, 122]","[0, 0, 255]","[255, 255, 0]","[255, 0, 0]","[255, 160, 122]","[255, 255, 0]","[0, 0, 255]","[0, 0, 255]","[255, 255, 255]","[255, 255, 255]","[255, 160, 122]","[0, 128, 0]","[0, 128, 0]","[255, 255, 0]","[0, 0, 255]","[255, 0, 0]","[255, 160, 122]","[255, 255, 0]",3
"[255, 255, 255]","[0, 128, 0]","[0, 128, 0]","[255, 0, 0]","[255, 255, 255]","[255, 0, 0]","[255, 255, 255]","[255, 255, 0]","[255, 255, 0]","[255, 0, 0]","[0, 0, 255]","[255, 0, 0]","[255, 255, 0]","[0, 128, 0]","[255, 255, 0]","[255, 160, 122]","[255, 160, 122]","[255, 255, 0]","[0, 0, 255]","[255, 160, 122]","[0, 128, 0]","[0, 0, 255]","[255, 0, 0]","[0, 0, 255]","[0, 128, 0]","[255, 255, 255]","[255, 255, 0]","[255, 160, 122]","[0, 128, 0]","[255, 255, 255]","[255, 255, 255]","[0, 0, 255]","[255, 0, 0]","[255, 0, 0]","[255, 255, 255]","[255, 255, 0]","[255, 160, 122]","[255, 160, 122]","[0, 128, 0]","[255, 255, 0]","[255, 160, 122]","[0, 128, 0]","[0, 0, 255]","[0, 0, 255]","[255, 255, 255]","[255, 0, 0]","[0, 128, 0]","[0, 0, 255]","[255, 255, 255]","[255, 255, 0]","[255, 0, 0]","[0, 0, 255]","[255, 160, 122]","[255, 160, 122]",3
"[0, 128, 0]","[255, 0, 0]","[255, 255, 255]","[255, 160, 122]","[255, 255, 255]","[255, 0, 0]","[255, 0, 0]","[255, 0, 0]","[255, 255, 0]","[255, 255, 255]","[0, 128, 0]","[0, 0, 255]","[255, 160, 122]","[0, 128, 0]","[255, 160, 122]","[255, 255, 0]","[255, 255, 0]","[0, 128, 0]","[255, 255, 255]","[0, 128, 0]","[255, 160, 122]","[255, 255, 0]","[255, 0, 0]","[0, 0, 255]","[255, 255, 0]","[255, 255, 255]","[255, 255, 0]","[0, 0, 255]","[255, 255, 0]","[255, 160, 122]","[255, 255, 255]","[0, 0, 255]","[255, 160, 122]","[255, 0, 0]","[255, 255, 255]","[0, 0, 255]","[0, 128, 0]","[0, 0, 255]","[255, 0, 0]","[0, 0, 255]","[255, 160, 122]","[255, 255, 255]","[255, 255, 255]","[0, 128, 0]","[255, 0, 0]","[255, 160, 122]","[0, 128, 0]","[0, 0, 255]","[0, 0, 255]","[255, 255, 0]","[255, 0, 0]","[0, 128, 0]","[255, 255, 0]","[255, 160, 122]",4
"[255, 255, 255]","[255, 0, 0]","[0, 0, 255]","[255, 0, 0]","[255, 255, 255]","[255, 0, 0]","[0, 128, 0]","[255, 160, 122]","[255, 160, 122]","[0, 128, 0]","[0, 0, 255]","[255, 0, 0]","[255, 160, 122]","[0, 128, 0]","[255, 160, 122]","[255, 255, 0]","[255, 255, 0]","[0, 128, 0]","[255, 255, 255]","[0, 128, 0]","[255, 255, 255]","[255, 255, 0]","[255, 0, 0]","[0, 0, 255]","[255, 255, 0]","[255, 255, 255]","[0, 0, 255]","[0, 0, 255]","[255, 255, 255]","[255, 0, 0]","[255, 160, 122]","[0, 0, 255]","[255, 255, 255]","[255, 160, 122]","[0, 128, 0]","[255, 255, 255]","[255, 255, 0]","[255, 255, 0]","[255, 160, 122]","[0, 0, 255]","[255, 160, 122]","[255, 255, 255]","[0, 0, 255]","[0, 128, 0]","[255, 0, 0]","[255, 160, 122]","[0, 128, 0]","[255, 255, 0]","[0, 0, 255]","[255, 255, 0]","[255, 0, 0]","[0, 128, 0]","[255, 255, 0]","[255, 0, 0]",4
"[255, 0, 0]","[255, 0, 0]","[255, 255, 255]","[255, 255, 255]","[255, 255, 255]","[255, 0, 0]","[255, 0, 0]","[255, 0, 0]","[0, 0, 255]","[255, 255, 0]","[255, 160, 122]","[255, 255, 255]","[255, 255, 0]","[0, 128, 0]","[0, 128, 0]","[255, 160, 122]","[255, 255, 255]","[0, 0, 255]","[0, 128, 0]","[255, 255, 255]","[255, 0, 0]","[255, 160, 122]","[255, 0, 0]","[0, 0, 255]","[255, 160, 122]","[0, 128, 0]","[255, 255, 255]","[255, 255, 0]","[255, 255, 0]","[255, 160, 122]","[255, 160, 122]","[0, 0, 255]","[255, 255, 255]","[0, 0, 255]","[0, 128, 0]","[255, 160, 122]","[0, 128, 0]","[0, 0, 255]","[0, 128, 0]","[0, 0, 255]","[255, 160, 122]","[0, 0, 255]","[0, 128, 0]","[255, 160, 122]","[255, 255, 255]","[255, 255, 0]","[255, 0, 0]","[255, 0, 0]","[0, 128, 0]","[255, 255, 0]","[255, 255, 0]","[0, 0, 255]","[255, 255, 0]","[255, 255, 0]",4
"[0, 128, 0]","[0, 0, 255]","[255, 255, 0]","[255, 0, 0]","[255, 255, 255]","[0, 0, 255]","[255, 0, 0]","[255, 255, 255]","[255, 255, 255]","[255, 255, 0]","[0, 0, 255]","[0, 128, 0]","[255, 255, 255]","[0, 128, 0]","[0, 128, 0]","[0, 128, 0]","[255, 160, 122]","[255, 255, 255]","[255, 255, 0]","[255, 160, 122]","[255, 0, 0]","[255, 160, 122]","[255, 0, 0]","[255, 255, 0]","[255, 160, 122]","[255, 255, 255]","[0, 0, 255]","[0, 0, 255]","[255, 160, 122]","[0, 0, 255]","[0, 128, 0]","[0, 0, 255]","[255, 255, 0]","[255, 160, 122]","[0, 128, 0]","[0, 128, 0]","[255, 0, 0]","[255, 255, 255]","[255, 160, 122]","[0, 0, 255]","[255, 160, 122]","[255, 0, 0]","[255, 160, 122]","[255, 255, 0]","[255, 0, 0]","[0, 0, 255]","[0, 128, 0]","[255, 255, 0]","[255, 255, 0]","[255, 255, 0]","[255, 0, 0]","[255, 255, 255]","[255, 0, 0]","[255, 255, 255]",4
"[0, 0, 255]","[255, 255, 0]","[255, 255, 0]","[255, 0, 0]","[255, 255, 255]","[255, 160, 122]","[255, 255, 255]","[0, 128, 0]","[255, 0, 0]","[255, 255, 0]","[0, 0, 255]","[0, 0, 255]","[0, 0, 255]","[0, 128, 0]","[0, 128, 0]","[0, 128, 0]","[255, 160, 122]","[255, 255, 0]","[255, 160, 122]","[255, 160, 122]","[0, 0, 255]","[255, 255, 255]","[255, 0, 0]","[255, 0, 0]","[0, 0, 255]","[255, 255, 0]","[0, 128, 0]","[255, 255, 255]","[255, 255, 255]","[255, 0, 0]","[0, 128, 0]","[0, 0, 255]","[255, 160, 122]","[255, 255, 255]","[255, 0, 0]","[255, 255, 255]","[0, 128, 0]","[0, 0, 255]","[255, 0, 0]","[0, 0, 255]","[255, 160, 122]","[255, 255, 255]","[0, 128, 0]","[255, 0, 0]","[255, 160, 122]","[255, 160, 122]","[0, 128, 0]","[255, 0, 0]","[255, 255, 0]","[255, 255, 0]","[255, 255, 0]","[255, 255, 0]","[255, 255, 255]","[255, 160, 122]",4
"[255, 160, 122]","[255, 255, 255]","[255, 255, 0]","[255, 255, 0]","[255, 255, 255]","[0, 128, 0]","[0, 128, 0]","[255, 0, 0]","[255, 255, 255]","[255, 255, 0]","[255, 160, 122]","[255, 255, 255]","[0, 128, 0]","[0, 128, 0]","[255, 160, 122]","[255, 255, 255]","[255, 255, 0]","[0, 128, 0]","[255, 160, 122]","[0, 0, 255]","[0, 0, 255]","[255, 255, 255]","[255, 0, 0]","[255, 0, 0]","[255, 255, 255]","[255, 0, 0]","[255, 255, 0]","[255, 160, 122]","[255, 160, 122]","[0, 128, 0]","[0, 128, 0]","[0, 0, 255]","[0, 0, 255]","[255, 0, 0]","[0, 0, 255]","[255, 255, 0]","[255, 160, 122]","[255, 0, 0]","[0, 0, 255]","[255, 255, 255]","[255, 160, 122]","[255, 255, 255]","[0, 128, 0]","[0, 0, 255]","[255, 0, 0]","[255, 0, 0]","[255, 255, 0]","[0, 0, 255]","[0, 128, 0]","[255, 255, 0]","[255, 255, 0]","[0, 0, 255]","[255, 160, 122]","[255, 0, 0]",5
"[255, 160, 122]","[255, 255, 255]","[0, 128, 0]","[0, 128, 0]","[255, 255, 255]","[255, 255, 255]","[0, 0, 255]","[255, 160, 122]","[255, 255, 255]","[0, 0, 255]","[255, 255, 0]","[255, 255, 255]","[255, 255, 0]","[0, 128, 0]","[0, 128, 0]","[255, 0, 0]","[255, 160, 122]","[255, 255, 0]","[255, 0, 0]","[255, 255, 255]","[255, 160, 122]","[255, 255, 255]","[255, 0, 0]","[0, 0, 255]","[0, 0, 255]","[0, 128, 0]","[255, 255, 0]","[0, 128, 0]","[0, 0, 255]","[255, 255, 0]","[255, 0, 0]","[0, 0, 255]","[0, 0, 255]","[255, 160, 122]","[0, 128, 0]","[255, 0, 0]","[255, 0, 0]","[255, 0, 0]","[255, 255, 255]","[255, 255, 0]","[255, 160, 122]","[255, 0, 0]","[0, 0, 255]","[0, 0, 255]","[255, 255, 255]","[255, 160, 122]","[255, 160, 122]","[0, 128, 0]","[255, 255, 0]","[255, 255, 0]","[255, 0, 0]","[0, 128, 0]","[255, 160, 122]","[255, 255, 0]",5
"[255, 160, 122]","[255, 255, 255]","[0, 128, 0]","[255, 255, 255]","[255, 255, 255]","[255, 255, 255]","[255, 160, 122]","[255, 255, 255]","[0, 0, 255]","[255, 255, 255]","[255, 160, 122]","[255, 255, 255]","[255, 255, 0]","[0, 128, 0]","[255, 160, 122]","[0, 0, 255]","[0, 0, 255]","[255, 255, 255]","[0, 0, 255]","[0, 128, 0]","[255, 255, 0]","[255, 255, 0]","[255, 0, 0]","[0, 0, 255]","[255, 0, 0]","[0, 128, 0]","[0, 0, 255]","[255, 160, 122]","[0, 0, 255]","[255, 255, 0]","[255, 0, 0]","[0, 0, 255]","[0, 0, 255]","[255, 0, 0]","[0, 128, 0]","[255, 255, 0]","[255, 0, 0]","[255, 0, 0]","[0, 128, 0]","[255, 255, 0]","[255, 160, 122]","[255, 0, 0]","[255, 160, 122]","[0, 128, 0]","[255, 0, 0]","[0, 128, 0]","[255, 255, 0]","[255, 255, 255]","[255, 160, 122]","[255, 255, 0]","[255, 160, 122]","[255, 255, 0]","[255, 0, 0]","[0, 128, 0]",5
"[255, 255, 255]","[255, 255, 255]","[0, 0, 255]","[255, 255, 0]","[255, 255, 255]","[255, 255, 255]","[0, 128, 0]","[255, 255, 255]","[255, 160, 122]","[0, 0, 255]","[0, 128, 0]","[255, 0, 0]","[255, 160, 122]","[0, 128, 0]","[255, 255, 0]","[0, 128, 0]","[255, 0, 0]","[255, 0, 0]","[255, 255, 255]","[255, 160, 122]","[255, 255, 255]","[255, 0, 0]","[255, 0, 0]","[0, 0, 255]","[255, 255, 0]","[0, 128, 0]","[255, 255, 0]","[0, 0, 255]","[0, 128, 0]","[255, 255, 0]","[255, 0, 0]","[0, 0, 255]","[0, 0, 255]","[255, 160, 122]","[0, 128, 0]","[255, 0, 0]","[255, 160, 122]","[0, 0, 255]","[255, 0, 0]","[255, 255, 0]","[255, 160, 122]","[255, 255, 0]","[0, 0, 255]","[0, 0, 255]","[255, 255, 255]","[0, 128, 0]","[255, 160, 122]","[0, 128, 0]","[255, 255, 255]","[255, 255, 0]","[255, 0, 0]","[255, 160, 122]","[255, 160, 122]","[255, 255, 0]",5
"[255, 255, 0]","[255, 255, 255]","[255, 160, 122]","[0, 128, 0]","[255, 255, 255]","[255, 0, 0]","[0, 0, 255]","[255, 255, 255]","[255, 255, 255]","[255, 160, 122]","[255, 255, 0]","[255, 255, 255]","[255, 255, 255]","[0, 128, 0]","[0, 128, 0]","[255, 160, 122]","[255, 160, 122]","[255, 255, 0]","[255, 0, 0]","[0, 0, 255]","[0, 128, 0]","[255, 160, 122]","[255, 0, 0]","[0, 0, 255]","[0, 128, 0]","[0, 128, 0]","[255, 0, 0]","[255, 0, 0]","[255, 255, 0]","[255, 255, 255]","[255, 0, 0]","[0, 0, 255]","[0, 0, 255]","[0, 0, 255]","[0, 0, 255]","[255, 255, 255]","[0, 0, 255]","[0, 128, 0]","[0, 128, 0]","[255, 255, 0]","[255, 160, 122]","[255, 160, 122]","[0, 128, 0]","[255, 0, 0]","[0, 0, 255]","[255, 0, 0]","[255, 0, 0]","[255, 255, 0]","[255, 255, 0]","[255, 255, 0]","[255, 160, 122]","[255, 255, 0]","[255, 255, 255]","[255, 160, 122]",5
"[255, 160, 122]","[255, 255, 255]","[0, 128, 0]","[255, 0, 0]","[255, 255, 255]","[0, 128, 0]","[0, 0, 255]","[255, 255, 255]","[0, 128, 0]","[255, 255, 0]","[0, 0, 255]","[255, 0, 0]","[255, 255, 255]","[0, 128, 0]","[255, 0, 0]","[255, 160, 122]","[255, 160, 122]","[255, 255, 255]","[255, 255, 0]","[0, 128, 0]","[255, 255, 0]","[255, 255, 0]","[255, 0, 0]","[255, 160, 122]","[255, 0, 0]","[255, 160, 122]","[255, 255, 255]","[255, 0, 0]","[255, 0, 0]","[255, 160, 122]","[0, 0, 255]","[0, 0, 255]","[255, 255, 0]","[0, 0, 255]","[255, 255, 255]","[0, 0, 255]","[255, 255, 0]","[255, 160, 122]","[0, 0, 255]","[0, 128, 0]","[255, 160, 122]","[255, 0, 0]","[255, 255, 255]","[255, 255, 0]","[0, 128, 0]","[0, 128, 0]","[0, 128, 0]","[255, 0, 0]","[255, 255, 0]","[255, 255, 0]","[0, 0, 255]","[255, 255, 255]","[0, 0, 255]","[255, 160, 122]",6
"[255, 255, 255]","[0, 0, 255]","[255, 0, 0]","[255, 255, 0]","[255, 255, 255]","[0, 0, 255]","[0, 128, 0]","[0, 128, 0]","[0, 128, 0]","[255, 160, 122]","[0, 0, 255]","[255, 255, 255]","[0, 0, 255]","[0, 128, 0]","[255, 160, 122]","[255, 0, 0]","[255, 255, 0]","[255, 160, 122]","[255, 160, 122]","[255, 160, 122]","[255, 0, 0]","[255, 255, 0]","[255, 0, 0]","[255, 255, 0]","[0, 128, 0]","[0, 128, 0]","[255, 255, 0]","[255, 255, 255]","[255, 255, 255]","[0, 128, 0]","[255, 0, 0]","[0, 0, 255]","[255, 255, 255]","[255, 0, 0]","[255, 0, 0]","[255, 255, 0]","[255, 255, 0]","[255, 160, 122]","[0, 0, 255]","[255, 0, 0]","[255, 160, 122]","[255, 0, 0]","[0, 0, 255]","[255, 160, 122]","[0, 0, 255]","[255, 255, 0]","[255, 255, 255]","[0, 0, 255]","[0, 128, 0]","[255, 255, 0]","[0, 128, 0]","[255, 255, 255]","[255, 255, 255]","[255, 160, 122]",6
"[255, 0, 0]","[0, 0, 255]","[0, 0, 255]","[255, 160, 122]","[255, 255, 255]","[255, 0, 0]","[255, 160, 122]","[255, 0, 0]","[255, 255, 0]","[0, 128, 0]","[0, 128, 0]","[0, 128, 0]","[0, 0, 255]","[0, 128, 0]","[255, 255, 0]","[255, 160, 122]","[0, 0, 255]","[255, 0, 0]","[255, 255, 255]","[255, 255, 0]","[255, 0, 0]","[0, 128, 0]","[255, 0, 0]","[0, 0, 255]","[255, 255, 255]","[255, 255, 0]","[255, 0, 0]","[0, 128, 0]","[255, 255, 255]","[255, 255, 0]","[255, 255, 255]","[0, 0, 255]","[255, 0, 0]","[0, 0, 255]","[255, 255, 255]","[255, 255, 0]","[255, 160, 122]","[255, 160, 122]","[255, 255, 255]","[0, 128, 0]","[255, 160, 122]","[255, 255, 0]","[255, 160, 122]","[255, 160, 122]","[255, 255, 255]","[0, 0, 255]","[255, 160, 122]","[255, 255, 0]","[255, 0, 0]","[255, 255, 0]","[0, 128, 0]","[0, 0, 255]","[255, 255, 255]","[0, 128, 0]",6
"[255, 160, 122]","[0, 0, 255]","[255, 255, 255]","[255, 160, 122]","[255, 255, 255]","[255, 0, 0]","[255, 160, 122]","[255, 255, 255]","[0, 0, 255]","[0, 0, 255]","[0, 0, 255]","[0, 0, 255]","[255, 255, 255]","[0, 128, 0]","[0, 128, 0]","[0, 128, 0]","[255, 0, 0]","[255, 255, 0]","[255, 255, 0]","[0, 0, 255]","[255, 0, 0]","[255, 160, 122]","[255, 0, 0]","[255, 255, 0]","[0, 128, 0]","[0, 128, 0]","[255, 255, 255]","[255, 255, 0]","[255, 255, 255]","[255, 160, 122]","[255, 160, 122]","[0, 0, 255]","[0, 0, 255]","[0, 0, 255]","[255, 255, 255]","[255, 0, 0]","[0, 128, 0]","[255, 255, 0]","[255, 255, 255]","[255, 0, 0]","[255, 160, 122]","[255, 160, 122]","[0, 128, 0]","[0, 128, 0]","[255, 160, 122]","[255, 0, 0]","[255, 255, 0]","[255, 0, 0]","[255, 255, 0]","[255, 255, 0]","[0, 128, 0]","[255, 255, 0]","[255, 0, 0]","[255, 255, 255]",6
"[255, 255, 255]","[255, 0, 0]","[0, 0, 255]","[0, 0, 255]","[255, 255, 255]","[255, 255, 255]","[255, 160, 122]","[255, 160, 122]","[255, 160, 122]","[0, 128, 0]","[255, 255, 0]","[255, 255, 255]","[255, 255, 255]","[0, 128, 0]","[0, 128, 0]","[0, 128, 0]","[255, 0, 0]","[255, 255, 0]","[0, 0, 255]","[0, 0, 255]","[0, 0, 255]","[255, 160, 122]","[255, 0, 0]","[255, 255, 0]","[0, 128, 0]","[0, 128, 0]","[255, 255, 255]","[255, 255, 0]","[0, 0, 255]","[255, 0, 0]","[255, 160, 122]","[0, 0, 255]","[0, 0, 255]","[0, 0, 255]","[255, 255, 255]","[255, 0, 0]","[255, 255, 0]","[255, 255, 255]","[255, 160, 122]","[255, 0, 0]","[255, 160, 122]","[255, 160, 122]","[0, 128, 0]","[0, 128, 0]","[255, 160, 122]","[255, 0, 0]","[255, 255, 0]","[255, 0, 0]","[255, 255, 0]","[255, 255, 0]","[0, 128, 0]","[255, 255, 0]","[255, 0, 0]","[255, 255, 255]",6
"[0, 128, 0]","[255, 160, 122]","[255, 255, 0]","[255, 0, 0]","[255, 255, 255]","[255, 160, 122]","[255, 255, 255]","[0, 0, 255]","[255, 160, 122]","[255, 255, 255]","[255, 255, 255]","[255, 160, 122]","[255, 255, 255]","[0, 128, 0]","[255, 255, 0]","[0, 128, 0]","[255, 0, 0]","[0, 0, 255]","[0, 128, 0]","[255, 255, 0]","[255, 255, 255]","[0, 128, 0]","[255, 0, 0]","[255, 255, 255]","[255, 255, 0]","[255, 160, 122]","[0, 0, 255]","[0, 0, 255]","[0, 0, 255]","[255, 0, 0]","[0, 128, 0]","[0, 0, 255]","[0, 0, 255]","[255, 0, 0]","[0, 0, 255]","[255, 255, 0]","[0, 128, 0]","[255, 255, 0]","[255, 0, 0]","[255, 0, 0]","[255, 160, 122]","[255, 160, 122]","[0, 0, 255]","[0, 128, 0]","[255, 160, 122]","[255, 0, 0]","[0, 128, 0]","[255, 255, 255]","[255, 255, 0]","[255, 255, 0]","[255, 255, 255]","[255, 255, 0]","[255, 0, 0]","[255, 160, 122]",7
"[255, 255, 0]","[255, 255, 0]","[255, 0, 0]","[255, 160, 122]","[255, 255, 255]","[0, 128, 0]","[255, 0, 0]","[0, 128, 0]","[0, 128, 0]","[255, 160, 122]","[255, 255, 255]","[255, 255, 255]","[0, 0, 255]","[0, 128, 0]","[255, 255, 255]","[0, 0, 255]","[255, 255, 255]","[255, 0, 0]","[0, 128, 0]","[255, 160, 122]","[255, 255, 255]","[255, 0, 0]","[255, 0, 0]","[255, 0, 0]","[255, 255, 0]","[255, 255, 0]","[255, 255, 0]","[255, 160, 122]","[255, 255, 0]","[0, 0, 255]","[0, 128, 0]","[0, 0, 255]","[255, 160, 122]","[0, 0, 255]","[255, 160, 122]","[255, 255, 0]","[255, 255, 255]","[255, 0, 0]","[0, 128, 0]","[0, 0, 255]","[255, 160, 122]","[255, 255, 255]","[255, 0, 0]","[255, 0, 0]","[255, 160, 122]","[0, 128, 0]","[0, 0, 255]","[255, 160, 122]","[0, 128, 0]","[255, 255, 0]","[255, 255, 0]","[255, 255, 255]","[0, 0, 255]","[0, 0, 255]",7
"[255, 0, 0]","[255, 0, 0]","[255, 255, 0]","[0, 128, 0]","[255, 255, 255]","[255, 255, 0]","[255, 255, 255]","[255, 255, 0]","[255, 0, 0]","[0, 128, 0]","[255, 160, 122]","[255, 0, 0]","[255, 0, 0]","[0, 128, 0]","[0, 128, 0]","[0, 0, 255]","[255, 255, 255]","[255, 0, 0]","[0, 0, 255]","[0, 0, 255]","[255, 255, 0]","[255, 255, 0]","[255, 0, 0]","[255, 160, 122]","[255, 255, 0]","[255, 160, 122]","[0, 128, 0]","[0, 0, 255]","[255, 0, 0]","[0, 128, 0]","[255, 255, 0]","[0, 0, 255]","[255, 255, 255]","[255, 160, 122]","[0, 128, 0]","[0, 0, 255]","[255, 160, 122]","[0, 0, 255]","[255, 255, 255]","[0, 0, 255]","[255, 160, 122]","[255, 255, 255]","[255, 160, 122]","[0, 0, 255]","[255, 160, 122]","[0, 128, 0]","[255, 255, 255]","[255, 255, 255]","[0, 128, 0]","[255, 255, 0]","[255, 0, 0]","[255, 255, 255]","[255, 160, 122]","[255, 255, 0]",7
"[255, 160, 122]","[0, 0, 255]","[255, 255, 255]","[255, 255, 0]","[255, 255, 255]","[255, 255, 0]","[255, 160, 122]","[0, 0, 255]","[255, 0, 0]","[0, 0, 255]","[0, 0, 255]","[255, 255, 0]","[0, 128, 0]","[0, 128, 0]","[0, 128, 0]","[255, 255, 255]","[255, 255, 255]","[255, 0, 0]","[0, 128, 0]","[255, 255, 255]","[255, 255, 0]","[255, 255, 0]","[255, 0, 0]","[255, 160, 122]","[255, 255, 0]","[255, 160, 122]","[255, 0, 0]","[0, 0, 255]","[255, 0, 0]","[255, 160, 122]","[255, 255, 0]","[0, 0, 255]","[255, 0, 0]","[0, 128, 0]","[255, 0, 0]","[255, 160, 122]","[0, 128, 0]","[255, 160, 122]","[255, 255, 255]","[0, 0, 255]","[255, 160, 122]","[255, 160, 122]","[255, 255, 0]","[255, 0, 0]","[255, 0, 0]","[0, 128, 0]","[255, 255, 255]","[255, 255, 255]","[0, 128, 0]","[255, 255, 0]","[255, 255, 255]","[0, 0, 255]","[0, 128, 0]","[0, 0, 255]",7
"[255, 255, 0]","[0, 0, 255]","[0, 128, 0]","[0, 128, 0]","[255, 255, 255]","[255, 255, 255]","[255, 255, 0]","[255, 255, 0]","[255, 255, 0]","[0, 0, 255]","[255, 255, 0]","[0, 128, 0]","[255, 255, 0]","[0, 128, 0]","[255, 255, 255]","[255, 0, 0]","[255, 160, 122]","[255, 255, 255]","[255, 160, 122]","[255, 0, 0]","[0, 0, 255]","[255, 160, 122]","[255, 0, 0]","[255, 255, 255]","[0, 0, 255]","[0, 128, 0]","[0, 0, 255]","[255, 0, 0]","[0, 0, 255]","[255, 255, 255]","[255, 0, 0]","[0, 0, 255]","[0, 128, 0]","[255, 255, 255]","[255, 160, 122]","[0, 128, 0]","[255, 160, 122]","[255, 0, 0]","[255, 160, 122]","[255, 160, 122]","[255, 160, 122]","[0, 0, 255]","[255, 0, 0]","[255, 255, 255]","[255, 255, 255]","[255, 0, 0]","[255, 0, 0]","[255, 160, 122]","[255, 255, 0]","[255, 255, 0]","[0, 0, 255]","[0, 128, 0]","[0, 128, 0]","[255, 255, 0]",7
"[0, 0, 255]","[0, 128, 0]","[255, 255, 0]","[255, 0, 0]","[255, 255, 255]","[0, 0, 255]","[255, 255, 0]","[0, 128, 0]","[255, 255, 255]","[255, 0, 0]","[255, 255, 0]","[0, 128, 0]","[255, 255, 255]","[0, 128, 0]","[255, 255, 255]","[0, 0, 255]","[255, 255, 0]","[255, 0, 0]","[255, 160, 122]","[255, 160, 122]","[255, 160, 122]","[255, 160, 122]","[255, 0, 0]","[255, 160, 122]","[0, 128, 0]","[0, 128, 0]","[255, 255, 0]","[0, 128, 0]","[255, 0, 0]","[255, 160, 122]","[255, 255, 0]","[0, 0, 255]","[255, 0, 0]","[0, 128, 0]","[0, 0, 255]","[255, 160, 122]","[0, 0, 255]","[255, 255, 0]","[255, 255, 255]","[0, 128, 0]","[255, 160, 122]","[255, 0, 0]","[0, 0, 255]","[255, 160, 122]","[255, 0, 0]","[255, 255, 255]","[255, 255, 255]","[255, 0, 0]","[0, 0, 255]","[255, 255, 0]","[255, 255, 255]","[255, 255, 0]","[0, 0, 255]","[255, 255, 255]",8
"[0, 128, 0]","[255, 255, 255]","[255, 255, 255]","[0, 0, 255]","[255, 255, 255]","[0, 0, 255]","[255, 255, 255]","[255, 0, 0]","[0, 128, 0]","[255, 255, 0]","[255, 255, 0]","[0, 128, 0]","[0, 128, 0]","[0, 128, 0]","[255, 160, 122]","[0, 0, 255]","[0, 0, 255]","[0, 0, 255]","[255, 0, 0]","[255, 255, 0]","[255, 255, 0]","[255, 255, 255]","[255, 0, 0]","[0, 128, 0]","[255, 255, 0]","[0, 0, 255]","[255, 0, 0]","[255, 0, 0]","[255, 255, 255]","[255, 160, 122]","[255, 255, 255]","[0, 0, 255]","[255, 160, 122]","[255, 255, 255]","[255, 255, 0]","[255, 160, 122]","[0, 128, 0]","[255, 0, 0]","[255, 160, 122]","[255, 255, 0]","[255, 160, 122]","[255, 160, 122]","[255, 255, 0]","[255, 0, 0]","[255, 160, 122]","[255, 0, 0]","[255, 160, 122]","[0, 0, 255]","[255, 0, 0]","[255, 255, 0]","[0, 128, 0]","[255, 255, 255]","[0, 128, 0]","[0, 0, 255]",8
"[255, 160, 122]","[255, 255, 255]","[0, 128, 0]","[255, 160, 122]","[255, 255, 255]","[255, 160, 122]","[255, 255, 0]","[0, 128, 0]","[0, 0, 255]","[0, 0, 255]","[0, 128, 0]","[255, 0, 0]","[0, 0, 255]","[0, 128, 0]","[255, 255, 255]","[255, 160, 122]","[255, 255, 0]","[255, 160, 122]","[0, 128, 0]","[255, 255, 255]","[255, 255, 255]","[255, 160, 122]","[255, 0, 0]","[255, 255, 0]","[255, 255, 0]","[255, 0, 0]","[255, 0, 0]","[255, 0, 0]","[0, 0, 255]","[255, 255, 255]","[255, 160, 122]","[0, 0, 255]","[0, 0, 255]","[0, 0, 255]","[255, 255, 0]","[255, 0, 0]","[255, 160, 122]","[255, 0, 0]","[255, 255, 255]","[255, 255, 255]","[255, 160, 122]","[255, 0, 0]","[0, 128, 0]","[255, 255, 0]","[255, 255, 0]","[0, 0, 255]","[0, 128, 0]","[255, 255, 0]","[0, 128, 0]","[255, 255, 0]","[255, 0, 0]","[0, 128, 0]","[0, 0, 255]","[255, 255, 255]",8
"[255, 160, 122]","[0, 128, 0]","[0, 0, 255]","[255, 0, 0]","[255, 255, 255]","[255, 255, 255]","[255, 0, 0]","[255, 255, 255]","[255, 255, 255]","[0, 0, 255]","[0, 128, 0]","[255, 255, 255]","[0, 0, 255]","[0, 128, 0]","[255, 255, 0]","[255, 160, 122]","[255, 255, 0]","[255, 255, 0]","[0, 128, 0]","[255, 160, 122]","[255, 0, 0]","[255, 160, 122]","[255, 0, 0]","[255, 0, 0]","[0, 128, 0]","[255, 255, 255]","[255, 0, 0]","[0, 0, 255]","[0, 128, 0]","[255, 255, 0]","[255, 255, 0]","[0, 0, 255]","[0, 0, 255]","[0, 0, 255]","[0, 0, 255]","[255, 255, 255]","[255, 160, 122]","[255, 160, 122]","[255, 255, 255]","[255, 160, 122]","[255, 160, 122]","[255, 0, 0]","[0, 128, 0]","[255, 255, 0]","[255, 255, 0]","[255, 0, 0]","[255, 0, 0]","[255, 255, 0]","[0, 128, 0]","[255, 255, 0]","[255, 255, 255]","[0, 128, 0]","[0, 0, 255]","[255, 160, 122]",8
"[0, 0, 255]","[255, 255, 255]","[0, 0, 255]","[0, 128, 0]","[255, 255, 255]","[255, 255, 0]","[255, 0, 0]","[0, 128, 0]","[0, 128, 0]","[255, 160, 122]","[255, 160, 122]","[0, 128, 0]","[255, 255, 0]","[0, 128, 0]","[0, 0, 255]","[0, 128, 0]","[255, 255, 0]","[0, 0, 255]","[255, 255, 0]","[255, 255, 0]","[255, 160, 122]","[255, 0, 0]","[255, 0, 0]","[255, 255, 255]","[255, 255, 255]","[255, 255, 255]","[255, 255, 255]","[255, 255, 0]","[255, 0, 0]","[255, 0, 0]","[255, 0, 0]","[0, 0, 255]","[0, 0, 255]","[0, 0, 255]","[255, 0, 0]","[255, 0, 0]","[255, 255, 0]","[0, 128, 0]","[255, 255, 0]","[255, 160, 122]","[255, 160, 122]","[255, 160, 122]","[0, 128, 0]","[0, 0, 255]","[255, 255, 255]","[255, 160, 122]","[255, 160, 122]","[255, 0, 0]","[0, 0, 255]","[255, 255, 0]","[0, 128, 0]","[255, 160, 122]","[255, 255, 255]","[255, 255, 255]",8
"[0, 128, 0]","[255, 255, 0]","[0, 128, 0]","[255, 160, 122]","[255, 255, 255]","[0, 128, 0]","[0, 0, 255]","[255, 255, 0]","[0, 0, 255]","[255, 0, 0]","[0, 128, 0]","[255, 255, 0]","[0, 128, 0]","[0, 128, 0]","[0, 0, 255]","[255, 160, 122]","[255, 0, 0]","[255, 0, 0]","[255, 160, 122]","[255, 0, 0]","[255, 0, 0]","[255, 0, 0]","[255, 0, 0]","[0, 0, 255]","[0, 128, 0]","[0, 0, 255]","[255, 160, 122]","[255, 255, 0]","[255, 255, 0]","[255, 160, 122]","[255, 255, 0]","[0, 0, 255]","[255, 255, 255]","[0, 0, 255]","[0, 0, 255]","[0, 0, 255]","[255, 255, 0]","[255, 160, 122]","[255, 255, 0]","[255, 0, 0]","[255, 160, 122]","[255, 255, 255]","[255, 0, 0]","[255, 160, 122]","[0, 128, 0]","[255, 255, 255]","[255, 255, 255]","[255, 255, 255]","[0, 128, 0]","[255, 255, 0]","[255, 160, 122]","[255, 255, 255]","[255, 255, 255]","[255, 255, 255]",9
"[0, 128, 0]","[255, 160, 122]","[255, 255, 255]","[255, 160, 122]","[255, 255, 255]","[0, 128, 0]","[0, 0, 255]","[255, 0, 0]","[0, 0, 255]","[255, 0, 0]","[0, 128, 0]","[255, 255, 0]","[0, 128, 0]","[0, 128, 0]","[255, 0, 0]","[255, 160, 122]","[255, 0, 0]","[0, 128, 0]","[255, 160, 122]","[255, 255, 255]","[255, 0, 0]","[255, 255, 0]","[255, 0, 0]","[0, 0, 255]","[255, 255, 0]","[0, 0, 255]","[0, 0, 255]","[255, 255, 0]","[255, 255, 0]","[0, 128, 0]","[255, 255, 0]","[0, 0, 255]","[255, 0, 0]","[255, 0, 0]","[255, 255, 0]","[0, 0, 255]","[255, 0, 0]","[255, 255, 255]","[255, 255, 0]","[0, 0, 255]","[255, 160, 122]","[255, 255, 255]","[255, 255, 255]","[255, 160, 122]","[0, 128, 0]","[255, 160, 122]","[255, 255, 255]","[255, 255, 255]","[0, 128, 0]","[255, 255, 0]","[255, 160, 122]","[255, 255, 255]","[0, 0, 255]","[255, 160, 122]",9
"[0, 128, 0]","[255, 160, 122]","[0, 0, 255]","[255, 255, 255]","[255, 255, 255]","[255, 255, 0]","[255, 255, 255]","[255, 255, 0]","[255, 160, 122]","[255, 255, 255]","[255, 0, 0]","[255, 0, 0]","[255, 0, 0]","[0, 128, 0]","[255, 255, 0]","[255, 0, 0]","[255, 255, 255]","[255, 0, 0]","[0, 0, 255]","[0, 0, 255]","[255, 255, 0]","[255, 0, 0]","[255, 0, 0]","[0, 128, 0]","[255, 255, 0]","[0, 128, 0]","[255, 255, 0]","[0, 128, 0]","[255, 160, 122]","[255, 160, 122]","[255, 255, 255]","[0, 0, 255]","[255, 255, 0]","[0, 0, 255]","[255, 160, 122]","[255, 255, 255]","[255, 255, 255]","[255, 255, 255]","[255, 0, 0]","[0, 128, 0]","[255, 160, 122]","[0, 128, 0]","[0, 128, 0]","[255, 0, 0]","[255, 255, 0]","[0, 128, 0]","[255, 160, 122]","[255, 160, 122]","[0, 0, 255]","[255, 255, 0]","[0, 0, 255]","[0, 0, 255]","[0, 0, 255]","[255, 160, 122]",9
"[255, 255, 255]","[255, 160, 122]","[255, 160, 122]","[255, 0, 0]","[255, 255, 255]","[255, 0, 0]","[255, 0, 0]","[255, 255, 255]","[255, 0, 0]","[0, 0, 255]","[255, 255, 0]","[255, 255, 255]","[255, 0, 0]","[0, 128, 0]","[255, 0, 0]","[255, 0, 0]","[255, 160, 122]","[255, 255, 0]","[0, 128, 0]","[0, 0, 255]","[0, 128, 0]","[255, 255, 255]","[255, 0, 0]","[0, 0, 255]","[255, 160, 122]","[255, 255, 0]","[255, 255, 255]","[255, 255, 0]","[0, 0, 255]","[0, 0, 255]","[255, 255, 0]","[0, 0, 255]","[255, 160, 122]","[0, 128, 0]","[255, 255, 255]","[0, 0, 255]","[255, 255, 0]","[0, 128, 0]","[255, 0, 0]","[255, 255, 255]","[255, 160, 122]","[0, 128, 0]","[255, 255, 255]","[0, 128, 0]","[255, 255, 0]","[0, 128, 0]","[255, 160, 122]","[255, 160, 122]","[0, 0, 255]","[255, 255, 0]","[0, 128, 0]","[0, 0, 255]","[255, 255, 0]","[255, 160, 122]",9
"[255, 255, 0]","[255, 255, 255]","[255, 160, 122]","[255, 255, 0]","[255, 255, 255]","[255, 255, 255]","[255, 0, 0]","[255, 160, 122]","[0, 128, 0]","[0, 0, 255]","[255, 160, 122]","[0, 128, 0]","[255, 255, 255]","[0, 128, 0]","[255, 160, 122]","[255, 255, 255]","[0, 128, 0]","[255, 255, 255]","[255, 255, 0]","[0, 128, 0]","[255, 0, 0]","[0, 0, 255]","[255, 0, 0]","[255, 0, 0]","[0, 0, 255]","[255, 0, 0]","[255, 160, 122]","[255, 255, 255]","[255, 0, 0]","[255, 255, 0]","[0, 0, 255]","[0, 0, 255]","[255, 255, 255]","[255, 255, 255]","[0, 0, 255]","[255, 0, 0]","[0, 128, 0]","[0, 0, 255]","[255, 160, 122]","[0, 128, 0]","[255, 160, 122]","[255, 160, 122]","[0, 0, 255]","[255, 0, 0]","[0, 0, 255]","[255, 0, 0]","[0, 128, 0]","[0, 128, 0]","[255, 255, 0]","[255, 255, 0]","[255, 255, 0]","[255, 160, 122]","[255, 255, 0]","[255, 255, 0]",9
"[255, 160, 122]","[0, 0, 255]","[255, 255, 255]","[255, 255, 0]","[255, 255, 255]","[255, 255, 0]","[0, 128, 0]","[255, 255, 255]","[255, 255, 255]","[255, 255, 0]","[255, 0, 0]","[255, 160, 122]","[255, 255, 255]","[0, 128, 0]","[255, 160, 122]","[255, 255, 0]","[0, 0, 255]","[0, 0, 255]","[255, 255, 0]","[255, 0, 0]","[0, 0, 255]","[0, 128, 0]","[255, 0, 0]","[255, 0, 0]","[255, 0, 0]","[255, 255, 255]","[255, 0, 0]","[255, 160, 122]","[255, 160, 122]","[255, 160, 122]","[0, 0, 255]","[0, 0, 255]","[0, 128, 0]","[0, 0, 255]","[0, 0, 255]","[0, 128, 0]","[0, 128, 0]","[255, 255, 0]","[0, 0, 255]","[255, 0, 0]","[255, 160, 122]","[255, 160, 122]","[255, 255, 255]","[0, 128, 0]","[255, 0, 0]","[255, 255, 255]","[0, 128, 0]","[255, 255, 0]","[255, 160, 122]","[255, 255, 0]","[255, 255, 255]","[0, 128, 0]","[255, 255, 0]","[255, 0, 0]",10
"[255, 255, 255]","[0, 0, 255]","[0, 128, 0]","[255, 0, 0]","[255, 255, 255]","[255, 160, 122]","[255, 255, 255]","[0, 0, 255]","[0, 128, 0]","[0, 0, 255]","[255, 255, 0]","[255, 160, 122]","[0, 0, 255]","[0, 128, 0]","[255, 255, 255]","[255, 160, 122]","[0, 128, 0]","[0, 0, 255]","[0, 128, 0]","[255, 0, 0]","[255, 255, 0]","[255, 160, 122]","[255, 0, 0]","[255, 160, 122]","[255, 255, 0]","[0, 128, 0]","[255, 255, 0]","[255, 0, 0]","[255, 255, 0]","[255, 0, 0]","[0, 128, 0]","[0, 0, 255]","[255, 0, 0]","[0, 0, 255]","[255, 255, 0]","[0, 128, 0]","[255, 255, 255]","[255, 160, 122]","[255, 0, 0]","[0, 128, 0]","[255, 160, 122]","[255, 255, 255]","[255, 255, 0]","[255, 255, 255]","[255, 255, 255]","[255, 0, 0]","[255, 255, 255]","[255, 160, 122]","[255, 255, 0]","[255, 255, 0]","[0, 0, 255]","[0, 0, 255]","[255, 0, 0]","[255, 160, 122]",10
"[255, 255, 0]","[255, 160, 122]","[0, 0, 255]","[255, 255, 0]","[255, 255, 255]","[255, 160, 122]","[0, 0, 255]","[0, 0, 255]","[255, 255, 0]","[0, 128, 0]","[255, 0, 0]","[255, 255, 255]","[0, 0, 255]","[0, 128, 0]","[255, 255, 255]","[255, 160, 122]","[0, 128, 0]","[0, 128, 0]","[255, 0, 0]","[255, 0, 0]","[0, 0, 255]","[255, 0, 0]","[255, 0, 0]","[0, 128, 0]","[255, 255, 255]","[255, 255, 255]","[255, 255, 0]","[255, 0, 0]","[255, 255, 0]","[255, 160, 122]","[255, 255, 0]","[0, 0, 255]","[255, 160, 122]","[0, 0, 255]","[255, 255, 0]","[255, 160, 122]","[255, 255, 255]","[0, 128, 0]","[255, 0, 0]","[255, 255, 255]","[255, 160, 122]","[255, 255, 255]","[0, 128, 0]","[0, 0, 255]","[0, 128, 0]","[255, 0, 0]","[0, 128, 0]","[255, 160, 122]","[255, 0, 0]","[255, 255, 0]","[0, 0, 255]","[255, 255, 255]","[255, 160, 122]","[255, 255, 0]",10
"[0, 0, 255]","[0, 0, 255]","[255, 255, 0]","[255, 160, 122]","[255, 255, 255]","[0, 0, 255]","[255, 160, 122]","[0, 128, 0]","[255, 160, 122]","[255, 255, 0]","[255, 255, 255]","[255, 255, 255]","[255, 160, 122]","[0, 128, 0]","[0, 0, 255]","[255, 255, 255]","[255, 0, 0]","[0, 0, 255]","[0, 0, 255]","[255, 255, 255]","[0, 128, 0]","[255, 160, 122]","[255, 0, 0]","[0, 128, 0]","[255, 160, 122]","[255, 0, 0]","[0, 128, 0]","[255, 255, 255]","[255, 0, 0]","[255, 0, 0]","[255, 255, 0]","[0, 0, 255]","[255, 255, 255]","[255, 255, 0]","[0, 128, 0]","[255, 255, 255]","[0, 128, 0]","[255, 255, 0]","[255, 0, 0]","[0, 0, 255]","[255, 160, 122]","[255, 255, 0]","[0, 0, 255]","[0, 128, 0]","[0, 128, 0]","[255, 255, 0]","[255, 255, 0]","[255, 160, 122]","[255, 255, 255]","[255, 255, 0]","[255, 0, 0]","[255, 0, 0]","[255, 160, 122]","[255, 0, 0]",10
"[0, 0, 255]","[255, 255, 0]","[255, 160, 122]","[0, 0, 255]","[255, 255, 255]","[255, 0, 0]","[255, 0, 0]","[255, 0, 0]","[255, 255, 255]","[255, 255, 255]","[255, 160, 122]","[0, 0, 255]","[0, 0, 255]","[0, 128, 0]","[255, 160, 122]","[255, 255, 0]","[255, 255, 255]","[255, 255, 0]","[255, 255, 255]","[0, 128, 0]","[0, 128, 0]","[255, 255, 0]","[255, 0, 0]","[0, 0, 255]","[0, 128, 0]","[0, 128, 0]","[255, 255, 0]","[255, 0, 0]","[255, 255, 255]","[255, 255, 0]","[255, 255, 255]","[0, 0, 255]","[0, 0, 255]","[255, 0, 0]","[0, 128, 0]","[255, 255, 255]","[0, 128, 0]","[255, 0, 0]","[255, 160, 122]","[255, 255, 0]","[255, 160, 122]","[255, 0, 0]","[0, 128, 0]","[0, 128, 0]","[255, 160, 122]","[255, 0, 0]","[255, 255, 255]","[0, 0, 255]","[255, 160, 122]","[255, 255, 0]","[255, 255, 0]","[0, 0, 255]","[255, 160, 122]","[255, 160, 122]",10
"[0, 128, 0]","[255, 255, 255]","[0, 0, 255]","[0, 128, 0]","[255, 255, 255]","[255, 255, 255]","[255, 160, 122]","[255, 255, 255]","[0, 0, 255]","[255, 160, 122]","[255, 160, 122]","[255, 255, 255]","[255, 255, 0]","[0, 128, 0]","[0, 0, 255]","[255, 255, 0]","[255, 0, 0]","[0, 128, 0]","[0, 0, 255]","[0, 0, 255]","[255, 255, 0]","[255, 0, 0]","[255, 0, 0]","[255, 255, 0]","[255, 255, 0]","[0, 0, 255]","[255, 0, 0]","[255, 160, 122]","[255, 0, 0]","[255, 0, 0]","[0, 0, 255]","[0, 0, 255]","[255, 255, 0]","[0, 128, 0]","[0, 128, 0]","[255, 255, 255]","[255, 255, 0]","[255, 160, 122]","[255, 255, 255]","[255, 160, 122]","[255, 160, 122]","[0, 128, 0]","[0, 0, 255]","[255, 255, 255]","[255, 0, 0]","[255, 160, 122]","[255, 160, 122]","[255, 255, 255]","[255, 255, 0]","[255, 255, 0]","[255, 0, 0]","[0, 128, 0]","[0, 128, 0]","[255, 0, 0]",11
"[255, 255, 255]","[0, 128, 0]","[255, 0, 0]","[0, 128, 0]","[255, 255, 255]","[0, 128, 0]","[255, 0, 0]","[0, 0, 255]","[0, 128, 0]","[0, 0, 255]","[255, 255, 255]","[255, 255, 255]","[255, 160, 122]","[0, 128, 0]","[255, 255, 0]","[255, 255, 0]","[255, 255, 255]","[255, 255, 255]","[0, 128, 0]","[255, 255, 0]","[255, 160, 122]","[0, 128, 0]","[255, 0, 0]","[255, 160, 122]","[255, 160, 122]","[255, 0, 0]","[255, 255, 255]","[255, 255, 0]","[255, 0, 0]","[0, 128, 0]","[0, 0, 255]","[0, 0, 255]","[0, 0, 255]","[0, 128, 0]","[255, 255, 0]","[255, 255, 0]","[255, 255, 0]","[255, 160, 122]","[255, 0, 0]","[255, 255, 255]","[255, 160, 122]","[255, 255, 255]","[0, 0, 255]","[255, 0, 0]","[0, 0, 255]","[0, 0, 255]","[255, 255, 0]","[255, 160, 122]","[255, 0, 0]","[255, 255, 0]","[255, 160, 122]","[255, 0, 0]","[0, 0, 255]","[255, 160, 122]",11
"[255, 160, 122]","[0, 0, 255]","[255, 0, 0]","[0, 128, 0]","[255, 255, 255]","[255, 160, 122]","[255, 255, 0]","[0, 0, 255]","[0, 128, 0]","[255, 255, 0]","[255, 255, 255]","[0, 128, 0]","[0, 0, 255]","[0, 128, 0]","[0, 128, 0]","[255, 0, 0]","[255, 255, 255]","[0, 128, 0]","[255, 160, 122]","[255, 160, 122]","[255, 255, 0]","[255, 0, 0]","[255, 0, 0]","[255, 160, 122]","[255, 160, 122]","[255, 255, 0]","[255, 255, 255]","[255, 0, 0]","[255, 255, 0]","[255, 255, 0]","[0, 128, 0]","[0, 0, 255]","[255, 160, 122]","[255, 160, 122]","[255, 0, 0]","[255, 0, 0]","[0, 0, 255]","[255, 0, 0]","[0, 0, 255]","[255, 255, 255]","[255, 160, 122]","[255, 255, 255]","[0, 128, 0]","[0, 128, 0]","[0, 0, 255]","[255, 255, 255]","[0, 0, 255]","[0, 0, 255]","[255, 0, 0]","[255, 255, 0]","[255, 255, 0]","[255, 255, 255]","[255, 255, 0]","[255, 255, 255]",11
"[255, 255, 0]","[255, 160, 122]","[255, 0, 0]","[255, 160, 122]","[255, 255, 255]","[0, 128, 0]","[255, 255, 0]","[0, 128, 0]","[255, 160, 122]","[0, 128, 0]","[255, 255, 255]","[0, 128, 0]","[255, 160, 122]","[0, 128, 0]","[255, 255, 255]","[255, 0, 0]","[0, 0, 255]","[255, 255, 255]","[255, 160, 122]","[255, 255, 255]","[0, 0, 255]","[0, 0, 255]","[255, 0, 0]","[255, 0, 0]","[0, 128, 0]","[255, 0, 0]","[255, 255, 255]","[255, 255, 0]","[255, 255, 0]","[255, 255, 0]","[0, 0, 255]","[0, 0, 255]","[255, 0, 0]","[255, 0, 0]","[255, 255, 0]","[255, 255, 255]","[0, 0, 255]","[0, 128, 0]","[255, 0, 0]","[0, 128, 0]","[255, 160, 122]","[255, 255, 0]","[255, 160, 122]","[255, 0, 0]","[0, 0, 255]","[255, 160, 122]","[255, 255, 255]","[0, 128, 0]","[255, 160, 122]","[255, 255, 0]","[0, 0, 255]","[255, 255, 255]","[255, 255, 0]","[0, 0, 255]",11
"[255, 255, 0]","[255, 160, 122]","[255, 255, 0]","[255, 255, 0]","[255, 255, 255]","[0, 128, 0]","[255, 255, 0]","[0, 0, 255]","[0, 128, 0]","[255, 0, 0]","[0, 128, 0]","[0, 128, 0]","[0, 0, 255]","[0, 128, 0]","[0, 0, 255]","[255, 255, 0]","[255, 0, 0]","[255, 0, 0]","[255, 160, 122]","[255, 0, 0]","[255, 255, 255]","[255, 160, 122]","[255, 0, 0]","[255, 255, 0]","[0, 128, 0]","[255, 255, 255]","[0, 0, 255]","[255, 160, 122]","[255, 255, 255]","[255, 0, 0]","[255, 160, 122]","[0, 0, 255]","[0, 0, 255]","[255, 0, 0]","[255, 0, 0]","[0, 0, 255]","[0, 128, 0]","[0, 128, 0]","[0, 0, 255]","[255, 255, 0]","[255, 160, 122]","[255, 255, 255]","[255, 255, 255]","[255, 160, 122]","[255, 160, 122]","[255, 255, 255]","[255, 0, 0]","[255, 255, 255]","[255, 255, 0]","[255, 255, 0]","[0, 128, 0]","[0, 0, 255]","[255, 255, 255]","[255, 160, 122]",11
"[255, 255, 0]","[0, 0, 255]","[255, 0, 0]","[255, 255, 0]","[255, 255, 255]","[0, 128, 0]","[255, 0, 0]","[255, 255, 255]","[0, 0, 255]","[0, 0, 255]","[0, 128, 0]","[0, 128, 0]","[255, 255, 255]","[0, 128, 0]","[0, 0, 255]","[0, 128, 0]","[255, 0, 0]","[0, 128, 0]","[255, 255, 0]","[0, 128, 0]","[255, 0, 0]","[255, 160, 122]","[255, 0, 0]","[255, 255, 255]","[255, 160, 122]","[255, 255, 0]","[255, 255, 255]","[255, 255, 0]","[255, 160, 122]","[0, 0, 255]","[255, 0, 0]","[0, 0, 255]","[255, 160, 122]","[255, 160, 122]","[255, 0, 0]","[0, 128, 0]","[255, 255, 255]","[255, 255, 255]","[255, 160, 122]","[255, 255, 0]","[255, 160, 122]","[255, 160, 122]","[255, 255, 255]","[255, 0, 0]","[255, 160, 122]","[255, 255, 255]","[0, 0, 255]","[0, 0, 255]","[0, 128, 0]","[255, 255, 0]","[255, 255, 0]","[255, 255, 0]","[0, 0, 255]","[255, 0, 0]",12
"[0, 128, 0]","[0, 128, 0]","[255, 0, 0]","[255, 255, 255]","[255, 255, 255]","[255, 255, 0]","[255, 0, 0]","[255, 160, 122]","[255, 255, 0]","[255, 255, 0]","[0, 128, 0]","[0, 128, 0]","[255, 160, 122]","[0, 128, 0]","[255, 0, 0]","[255, 0, 0]","[255, 255, 0]","[0, 128, 0]","[255, 255, 0]","[255, 255, 255]","[255, 160, 122]","[0, 128, 0]","[255, 0, 0]","[0, 0, 255]","[255, 160, 122]","[0, 0, 255]","[255, 255, 255]","[0, 0, 255]","[255, 0, 0]","[255, 255, 255]","[255, 0, 0]","[0, 0, 255]","[255, 0, 0]","[255, 160, 122]","[255, 255, 0]","[0, 0, 255]","[0, 128, 0]","[255, 255, 0]","[255, 160, 122]","[255, 255, 255]","[255, 160, 122]","[0, 0, 255]","[255, 0, 0]","[255, 160, 122]","[255, 255, 0]","[255, 255, 255]","[255, 255, 255]","[0, 0, 255]","[255, 160, 122]","[255, 255, 0]","[0, 0, 255]","[0, 0, 255]","[0, 128, 0]","[255, 255, 255]",12
"[255, 255, 255]","[255, 255, 255]","[255, 255, 255]","[255, 255, 0]","[255, 255, 255]","[255, 255, 0]","[0, 0, 255]","[255, 160, 122]","[255, 255, 255]","[255, 0, 0]","[0, 128, 0]","[255, 0, 0]","[255, 160, 122]","[0, 128, 0]","[255, 160, 122]","[255, 160, 122]","[255, 160, 122]","[255, 0, 0]","[255, 255, 0]","[255, 255, 0]","[255, 160, 122]","[255, 255, 255]","[255, 0, 0]","[255, 255, 0]","[255, 255, 0]","[255, 255, 255]","[255, 255, 0]","[0, 128, 0]","[0, 0, 255]","[255, 0, 0]","[255, 0, 0]","[0, 0, 255]","[255, 0, 0]","[0, 0, 255]","[255, 0, 0]","[255, 255, 255]","[0, 0, 255]","[255, 0, 0]","[0, 128, 0]","[0, 128, 0]","[255, 160, 122]","[0, 128, 0]","[255, 160, 122]","[0, 128, 0]","[255, 255, 0]","[0, 128, 0]","[0, 0, 255]","[255, 160, 122]","[0, 0, 255]","[255, 255, 0]","[0, 0, 255]","[0, 128, 0]","[255, 255, 255]","[0, 0, 255]",12
"[0, 0, 255]","[0, 128, 0]","[255, 0, 0]","[255, 255, 0]","[255, 255, 255]","[255, 255, 255]","[255, 0, 0]","[0, 128, 0]","[255, 255, 0]","[255, 255, 255]","[0, 0, 255]","[255, 255, 255]","[255, 255, 0]","[0, 128, 0]","[0, 0, 255]","[0, 128, 0]","[255, 160, 122]","[0, 128, 0]","[0, 128, 0]","[255, 0, 0]","[0, 0, 255]","[255, 160, 122]","[255, 0, 0]","[255, 255, 255]","[255, 160, 122]","[255, 0, 0]","[0, 0, 255]","[255, 0, 0]","[255, 160, 122]","[0, 0, 255]","[0, 0, 255]","[0, 0, 255]","[255, 0, 0]","[255, 160, 122]","[0, 128, 0]","[255, 255, 0]","[255, 255, 255]","[255, 255, 0]","[255, 160, 122]","[255, 255, 255]","[255, 160, 122]","[255, 160, 122]","[255, 160, 122]","[0, 0, 255]","[255, 255, 0]","[255, 255, 255]","[255, 255, 0]","[255, 255, 0]","[0, 128, 0]","[255, 255, 0]","[255, 255, 255]","[255, 0, 0]","[255, 0, 0]","[0, 128, 0]",12
"[0, 0, 255]","[255, 255, 255]","[255, 0, 0]","[255, 160, 122]","[255, 255, 255]","[0, 128, 0]","[255, 255, 255]","[255, 255, 0]","[0, 128, 0]","[255, 160, 122]","[0, 128, 0]","[0, 0, 255]","[0, 0, 255]","[0, 128, 0]","[255, 255, 0]","[255, 255, 255]","[255, 0, 0]","[0, 128, 0]","[255, 160, 122]","[255, 160, 122]","[255, 255, 0]","[0, 0, 255]","[255, 0, 0]","[0, 0, 255]","[255, 255, 0]","[255, 0, 0]","[255, 0, 0]","[255, 0, 0]","[255, 255, 255]","[255, 255, 0]","[255, 160, 122]","[0, 0, 255]","[0, 128, 0]","[255, 255, 255]","[0, 0, 255]","[255, 0, 0]","[0, 0, 255]","[255, 160, 122]","[255, 255, 0]","[255, 0, 0]","[255, 160, 122]","[255, 0, 0]","[0, 128, 0]","[255, 255, 0]","[255, 160, 122]","[255, 160, 122]","[255, 255, 255]","[0, 0, 255]","[255, 255, 0]","[255, 255, 0]","[255, 255, 255]","[0, 128, 0]","[0, 128, 0]","[255, 255, 255]",12
"[255, 255, 255]","[255, 255, 255]","[0, 0, 255]","[255, 255, 0]","[255, 255, 255]","[255, 255, 255]","[0, 128, 0]","[255, 255, 0]","[255, 255, 0]","[255, 0, 0]","[255, 0, 0]","[255, 255, 255]","[0, 128, 0]","[0, 128, 0]","[0, 0, 255]","[255, 160, 122]","[0, 128, 0]","[255, 160, 122]","[255, 160, 122]","[0, 0, 255]","[0, 0, 255]","[255, 0, 0]","[255, 0, 0]","[255, 160, 122]","[255, 255, 0]","[0, 128, 0]","[255, 255, 0]","[255, 0, 0]","[0, 0, 255]","[255, 255, 255]","[255, 255, 0]","[0, 0, 255]","[255, 255, 255]","[0, 128, 0]","[255, 255, 255]","[255, 255, 255]","[255, 0, 0]","[255, 0, 0]","[0, 128, 0]","[255, 160, 122]","[255, 160, 122]","[255, 255, 0]","[255, 160, 122]","[255, 160, 122]","[255, 255, 0]","[0, 0, 255]","[255, 0, 0]","[255, 0, 0]","[255, 160, 122]","[255, 255, 0]","[0, 128, 0]","[0, 128, 0]","[0, 0, 255]","[0, 0, 255]",13
"[255, 160, 122]","[0, 128, 0]","[0, 0, 255]","[255, 0, 0]","[255, 255, 255]","[255, 160, 122]","[255, 255, 255]","[0, 128, 0]","[255, 0, 0]","[255, 255, 255]","[0, 0, 255]","[255, 0, 0]","[255, 0, 0]","[0, 128, 0]","[255, 255, 0]","[0, 128, 0]","[0, 128, 0]","[255, 255, 0]","[0, 0, 255]","[255, 160, 122]","[255, 255, 0]","[0, 0, 255]","[255, 0, 0]","[255, 255, 0]","[255, 160, 122]","[255, 255, 0]","[255, 160, 122]","[0, 0, 255]","[255, 255, 255]","[255, 255, 0]","[0, 128, 0]","[0, 0, 255]","[255, 0, 0]","[0, 0, 255]","[255, 160, 122]","[0, 128, 0]","[255, 160, 122]","[255, 255, 255]","[0, 128, 0]","[255, 255, 255]","[255, 160, 122]","[255, 255, 0]","[255, 255, 255]","[0, 0, 255]","[255, 255, 0]","[0, 128, 0]","[255, 160, 122]","[255, 255, 255]","[255, 0, 0]","[255, 255, 0]","[0, 0, 255]","[255, 0, 0]","[255, 255, 255]","[255, 0, 0]",13
"[255, 160, 122]","[255, 160, 122]","[255, 255, 0]","[255, 255, 0]","[255, 255, 255]","[0, 128, 0]","[0, 0, 255]","[255, 255, 0]","[255, 0, 0]","[0, 128, 0]","[255, 0, 0]","[255, 0, 0]","[255, 160, 122]","[0, 128, 0]","[255, 0, 0]","[255, 255, 255]","[255, 160, 122]","[0, 128, 0]","[255, 255, 0]","[0, 0, 255]","[0, 0, 255]","[255, 255, 255]","[255, 0, 0]","[255, 0, 0]","[255, 255, 255]","[0, 128, 0]","[255, 160, 122]","[255, 255, 255]","[255, 255, 255]","[255, 0, 0]","[0, 0, 255]","[0, 0, 255]","[255, 0, 0]","[255, 255, 255]","[0, 0, 255]","[255, 160, 122]","[0, 128, 0]","[0, 0, 255]","[255, 255, 0]","[0, 128, 0]","[255, 160, 122]","[255, 255, 255]","[255, 255, 0]","[0, 128, 0]","[0, 0, 255]","[255, 0, 0]","[255, 160, 122]","[0, 128, 0]","[255, 255, 0]","[255, 255, 0]","[255, 255, 255]","[255, 160, 122]","[255, 255, 0]","[0, 0, 255]",13
"[0, 0, 255]","[255, 0, 0]","[255, 0, 0]","[0, 0, 255]","[255, 255, 255]","[0, 128, 0]","[0, 128, 0]","[255, 160, 122]","[0, 0, 255]","[255, 0, 0]","[255, 255, 0]","[255, 255, 255]","[255, 255, 255]","[0, 128, 0]","[0, 0, 255]","[255, 160, 122]","[255, 255, 255]","[255, 255, 0]","[255, 160, 122]","[0, 128, 0]","[255, 0, 0]","[255, 255, 255]","[255, 0, 0]","[255, 0, 0]","[255, 160, 122]","[255, 255, 0]","[255, 160, 122]","[255, 255, 0]","[255, 255, 255]","[255, 255, 255]","[0, 128, 0]","[0, 0, 255]","[0, 128, 0]","[255, 255, 0]","[255, 255, 0]","[255, 255, 0]","[0, 128, 0]","[0, 0, 255]","[255, 255, 255]","[255, 255, 0]","[255, 160, 122]","[255, 160, 122]","[0, 128, 0]","[0, 0, 255]","[255, 255, 255]","[0, 128, 0]","[255, 160, 122]","[0, 0, 255]","[255, 0, 0]","[255, 255, 0]","[255, 0, 0]","[0, 0, 255]","[255, 160, 122]","[255, 0, 0]",13
"[0, 128, 0]","[0, 128, 0]","[0, 128, 0]","[0, 0, 255]","[255, 255, 255]","[255, 0, 0]","[255, 160, 122]","[255, 255, 255]","[0, 128, 0]","[255, 255, 0]","[255, 255, 255]","[255, 255, 255]","[0, 128, 0]","[0, 128, 0]","[255, 255, 0]","[0, 128, 0]","[255, 255, 255]","[0, 0, 255]","[0, 0, 255]","[255, 0, 0]","[255, 255, 255]","[255, 0, 0]","[255, 0, 0]","[255, 160, 122]","[255, 255, 0]","[0, 0, 255]","[0, 0, 255]","[255, 160, 122]","[0, 128, 0]","[255, 255, 0]","[255, 255, 0]","[0, 0, 255]","[0, 128, 0]","[255, 160, 122]","[255, 0, 0]","[0, 0, 255]","[255, 0, 0]","[255, 255, 255]","[255, 160, 122]","[255, 255, 0]","[255, 160, 122]","[255, 160, 122]","[255, 0, 0]","[0, 0, 255]","[255, 0, 0]","[255, 0, 0]","[255, 255, 0]","[255, 255, 0]","[255, 160, 122]","[255, 255, 0]","[0, 0, 255]","[255, 255, 255]","[255, 160, 122]","[255, 255, 255]",13
"[255, 0, 0]","[255, 0, 0]","[255, 255, 0]","[255, 255, 255]","[255, 255, 255]","[255, 160, 122]","[255, 255, 0]","[255, 255, 0]","[0, 0, 255]","[0, 128, 0]","[255, 0, 0]","[255, 0, 0]","[255, 255, 255]","[0, 128, 0]","[255, 160, 122]","[255, 160, 122]","[255, 0, 0]","[255, 255, 0]","[0, 128, 0]","[255, 160, 122]","[255, 255, 255]","[255, 255, 255]","[255, 0, 0]","[255, 255, 255]","[255, 0, 0]","[255, 0, 0]","[0, 0, 255]","[255, 0, 0]","[0, 128, 0]","[0, 128, 0]","[0, 0, 255]","[0, 0, 255]","[0, 128, 0]","[255, 160, 122]","[0, 0, 255]","[255, 255, 255]","[255, 160, 122]","[0, 128, 0]","[255, 255, 255]","[255, 255, 0]","[255, 160, 122]","[0, 128, 0]","[255, 160, 122]","[0, 0, 255]","[0, 128, 0]","[0, 0, 255]","[0, 0, 255]","[255, 255, 0]","[255, 255, 0]","[255, 255, 0]","[255, 160, 122]","[255, 255, 255]","[255, 255, 0]","[0, 0, 255]",14
"[0, 128, 0]","[255, 255, 0]","[255, 0, 0]","[255, 0, 0]","[255, 255, 255]","[255, 160, 122]","[255, 160, 122]","[255, 255, 0]","[255, 255, 0]","[255, 255, 255]","[255, 255, 0]","[0, 128, 0]","[0, 128, 0]","[0, 128, 0]","[255, 255, 255]","[255, 255, 255]","[255, 255, 255]","[255, 160, 122]","[255, 255, 255]","[255, 160, 122]","[255, 160, 122]","[255, 0, 0]","[255, 0, 0]","[0, 0, 255]","[0, 128, 0]","[0, 128, 0]","[255, 0, 0]","[0, 0, 255]","[255, 255, 255]","[0, 128, 0]","[255, 255, 255]","[0, 0, 255]","[255, 0, 0]","[0, 0, 255]","[0, 0, 255]","[255, 255, 255]","[255, 255, 0]","[0, 128, 0]","[255, 0, 0]","[0, 0, 255]","[255, 160, 122]","[255, 0, 0]","[255, 160, 122]","[0, 0, 255]","[255, 0, 0]","[255, 255, 0]","[255, 160, 122]","[255, 255, 0]","[0, 128, 0]","[255, 255, 0]","[255, 160, 122]","[0, 0, 255]","[255, 255, 0]","[0, 0, 255]",14
"[255, 160, 122]","[255, 160, 122]","[0, 128, 0]","[0, 128, 0]","[255, 255, 255]","[255, 0, 0]","[0, 0, 255]","[255, 255, 255]","[0, 128, 0]","[255, 255, 0]","[255, 160, 122]","[255, 160, 122]","[255, 255, 255]","[0, 128, 0]","[0, 0, 255]","[255, 255, 255]","[255, 255, 0]","[255, 0, 0]","[255, 255, 255]","[0, 0, 255]","[255, 160, 122]","[255, 0, 0]","[255, 0, 0]","[255, 160, 122]","[0, 0, 255]","[255, 255, 0]","[255, 255, 0]","[255, 255, 0]","[255, 255, 255]","[255, 0, 0]","[255, 255, 255]","[0, 0, 255]","[0, 128, 0]","[0, 128, 0]","[255, 0, 0]","[255, 160, 122]","[255, 255, 255]","[255, 255, 0]","[0, 0, 255]","[255, 255, 0]","[255, 160, 122]","[0, 128, 0]","[255, 255, 255]","[0, 0, 255]","[255, 0, 0]","[255, 255, 0]","[255, 0, 0]","[255, 0, 0]","[0, 0, 255]","[255, 255, 0]","[0, 128, 0]","[0, 0, 255]","[255, 160, 122]","[0, 128, 0]",14
"[255, 255, 0]","[255, 255, 255]","[255, 0, 0]","[0, 128, 0]","[255, 255, 255]","[255, 0, 0]","[255, 255, 255]","[255, 160, 122]","[255, 160, 122]","[255, 0, 0]","[255, 160, 122]","[255, 160, 122]","[0, 128, 0]","[0, 128, 0]","[255, 255, 255]","[255, 0, 0]","[0, 0, 255]","[255, 160, 122]","[0, 128, 0]","[255, 255, 255]","[255, 255, 255]","[255, 0, 0]","[255, 0, 0]","[0, 0, 255]","[0, 128, 0]","[255, 255, 0]","[255, 0, 0]","[0, 0, 255]","[0, 128, 0]","[0, 0, 255]","[255, 255, 0]","[0, 0, 255]","[0, 128, 0]","[255, 255, 0]","[255, 255, 0]","[0, 0, 255]","[255, 255, 255]","[0, 0, 255]","[0, 0, 255]","[255, 255, 255]","[255, 160, 122]","[255, 255, 0]","[255, 160, 122]","[0, 0, 255]","[255, 255, 255]","[255, 255, 0]","[255, 160, 122]","[0, 128, 0]","[255, 160, 122]","[255, 255, 0]","[255, 0, 0]","[0, 128, 0]","[255, 0, 0]","[255, 255, 0]",14
"[0, 0, 255]","[255, 0, 0]","[0, 0, 255]","[0, 128, 0]","[255, 255, 255]","[255, 160, 122]","[255, 255, 255]","[255, 255, 255]","[255, 0, 0]","[255, 255, 255]","[255, 160, 122]","[255, 160, 122]","[0, 0, 255]","[0, 128, 0]","[255, 255, 255]","[255, 255, 0]","[255, 255, 255]","[255, 0, 0]","[0, 128, 0]","[0, 128, 0]","[0, 0, 255]","[255, 0, 0]","[255, 0, 0]","[255, 160, 122]","[255, 255, 0]","[0, 128, 0]","[0, 128, 0]","[255, 255, 255]","[0, 0, 255]","[255, 255, 0]","[255, 255, 0]","[0, 0, 255]","[0, 0, 255]","[255, 255, 0]","[255, 255, 0]","[0, 128, 0]","[255, 160, 122]","[255, 255, 0]","[255, 160, 122]","[255, 255, 255]","[255, 160, 122]","[255, 0, 0]","[255, 255, 255]","[0, 128, 0]","[0, 0, 255]","[0, 128, 0]","[255, 255, 0]","[255, 160, 122]","[255, 160, 122]","[255, 255, 0]","[0, 0, 255]","[255, 0, 0]","[255, 0, 0]","[255, 0, 0]",14
"[0, 0, 255]","[255, 0, 0]","[0, 0, 255]","[255, 160, 122]","[255, 255, 255]","[0, 0, 255]","[0, 128, 0]","[255, 160, 122]","[255, 0, 0]","[255, 255, 0]","[0, 0, 255]","[255, 160, 122]","[255, 255, 255]","[0, 128, 0]","[255, 160, 122]","[255, 255, 255]","[255, 255, 0]","[0, 0, 255]","[255, 255, 0]","[255, 255, 0]","[255, 255, 255]","[255, 255, 255]","[255, 0, 0]","[255, 255, 255]","[255, 0, 0]","[255, 160, 122]","[255, 160, 122]","[0, 128, 0]","[255, 0, 0]","[255, 255, 0]","[255, 0, 0]","[0, 0, 255]","[255, 255, 255]","[255, 255, 255]","[0, 128, 0]","[255, 0, 0]","[255, 160, 122]","[255, 255, 0]","[255, 0, 0]","[0, 0, 255]","[255, 160, 122]","[0, 128, 0]","[255, 255, 0]","[255, 0, 0]","[0, 0, 255]","[255, 255, 255]","[0, 128, 0]","[0, 128, 0]","[0, 0, 255]","[255, 255, 0]","[255, 255, 0]","[255, 160, 122]","[0, 128, 0]","[0, 128, 0]",15
"[255, 160, 122]","[0, 128, 0]","[255, 0, 0]","[0, 0, 255]","[255, 255, 255]","[255, 160, 122]","[0, 128, 0]","[255, 255, 255]","[255, 255, 255]","[255, 255, 255]","[255, 0, 0]","[255, 160, 122]","[0, 128, 0]","[0, 128, 0]","[255, 0, 0]","[255, 255, 255]","[255, 255, 0]","[255, 160, 122]","[255, 255, 0]","[255, 0, 0]","[255, 0, 0]","[0, 128, 0]","[255, 0, 0]","[255, 255, 0]","[255, 255, 0]","[255, 255, 0]","[0, 128, 0]","[0, 0, 255]","[255, 255, 255]","[255, 255, 255]","[255, 0, 0]","[0, 0, 255]","[0, 0, 255]","[255, 0, 0]","[0, 0, 255]","[255, 255, 0]","[0, 128, 0]","[255, 160, 122]","[0, 128, 0]","[255, 160, 122]","[255, 160, 122]","[255, 255, 255]","[255, 0, 0]","[255, 160, 122]","[0, 0, 255]","[0, 0, 255]","[0, 0, 255]","[255, 255, 0]","[0, 128, 0]","[255, 255, 0]","[255, 255, 255]","[255, 160, 122]","[255, 255, 0]","[0, 0, 255]",15
"[255, 160, 122]","[255, 255, 255]","[0, 128, 0]","[255, 255, 255]","[255, 255, 255]","[255, 160, 122]","[0, 0, 255]","[255, 255, 0]","[0, 0, 255]","[0, 128, 0]","[0, 0, 255]","[255, 255, 0]","[255, 0, 0]","[0, 128, 0]","[255, 255, 0]","[255, 0, 0]","[0, 128, 0]","[255, 160, 122]","[255, 160, 122]","[255, 160, 122]","[255, 0, 0]","[0, 0, 255]","[255, 0, 0]","[0, 128, 0]","[255, 255, 255]","[255, 160, 122]","[255, 255, 0]","[255, 255, 0]","[0, 128, 0]","[255, 0, 0]","[255, 0, 0]","[0, 0, 255]","[0, 0, 255]","[0, 128, 0]","[0, 128, 0]","[255, 160, 122]","[255, 255, 255]","[255, 0, 0]","[255, 255, 0]","[255, 0, 0]","[255, 160, 122]","[255, 255, 0]","[0, 0, 255]","[255, 255, 255]","[0, 0, 255]","[0, 128, 0]","[0, 0, 255]","[255, 0, 0]","[255, 255, 255]","[255, 255, 0]","[255, 255, 0]","[255, 255, 255]","[255, 160, 122]","[255, 255, 255]",15
"[255, 0, 0]","[255, 0, 0]","[0, 0, 255]","[255, 0, 0]","[255, 255, 255]","[255, 0, 0]","[0, 128, 0]","[255, 255, 0]","[0, 0, 255]","[255, 255, 255]","[0, 128, 0]","[255, 0, 0]","[255, 160, 122]","[0, 128, 0]","[0, 0, 255]","[0, 0, 255]","[255, 160, 122]","[255, 0, 0]","[255, 255, 255]","[0, 0, 255]","[255, 255, 0]","[255, 0, 0]","[255, 0, 0]","[255, 255, 0]","[255, 255, 0]","[0, 128, 0]","[255, 255, 0]","[255, 160, 122]","[255, 255, 255]","[255, 0, 0]","[0, 128, 0]","[0, 0, 255]","[255, 160, 122]","[255, 160, 122]","[255, 255, 255]","[255, 255, 255]","[255, 255, 0]","[255, 255, 0]","[0, 0, 255]","[0, 0, 255]","[255, 160, 122]","[255, 255, 255]","[0, 128, 0]","[0, 128, 0]","[255, 160, 122]","[0, 128, 0]","[255, 160, 122]","[0, 128, 0]","[255, 255, 0]","[255, 255, 0]","[0, 0, 255]","[255, 255, 255]","[255, 255, 255]","[255, 160, 122]",15
"[0, 128, 0]","[255, 0, 0]","[0, 0, 255]","[0, 0, 255]","[255, 255, 255]","[255, 255, 255]","[255, 160, 122]","[255, 255, 255]","[0, 0, 255]","[255, 160, 122]","[255, 160, 122]","[255, 255, 255]","[255, 255, 0]","[0, 128, 0]","[0, 128, 0]","[0, 128, 0]","[0, 0, 255]","[255, 0, 0]","[0, 0, 255]","[255, 160, 122]","[255, 255, 255]","[255, 0, 0]","[255, 0, 0]","[255, 255, 0]","[0, 128, 0]","[255, 160, 122]","[255, 0, 0]","[255, 0, 0]","[0, 128, 0]","[255, 255, 0]","[0, 128, 0]","[0, 0, 255]","[0, 0, 255]","[255, 255, 0]","[0, 128, 0]","[0, 0, 255]","[255, 160, 122]","[255, 255, 255]","[255, 255, 255]","[255, 255, 0]","[255, 160, 122]","[255, 0, 0]","[255, 255, 0]","[255, 255, 255]","[255, 160, 122]","[255, 255, 255]","[255, 255, 0]","[0, 128, 0]","[255, 0, 0]","[255, 255, 0]","[255, 160, 122]","[255, 255, 0]","[0, 0, 255]","[255, 0, 0]",15
"[0, 128, 0]","[0, 0, 255]","[255, 255, 255]","[255, 160, 122]","[255, 255, 255]","[255, 255, 0]","[255, 160, 122]","[0, 0, 255]","[255, 255, 0]","[255, 0, 0]","[255, 255, 255]","[255, 255, 255]","[0, 128, 0]","[0, 128, 0]","[255, 160, 122]","[255, 160, 122]","[255, 255, 0]","[0, 128, 0]","[0, 0, 255]","[255, 255, 0]","[255, 160, 122]","[0, 0, 255]","[255, 0, 0]","[255, 0, 0]","[255, 255, 0]","[0, 128, 0]","[0, 0, 255]","[0, 0, 255]","[0, 128, 0]","[255, 0, 0]","[0, 128, 0]","[0, 0, 255]","[255, 0, 0]","[255, 255, 0]","[255, 255, 0]","[255, 255, 255]","[0, 0, 255]","[255, 255, 255]","[255, 255, 0]","[255, 255, 255]","[255, 160, 122]","[255, 160, 122]","[255, 0, 0]","[0, 0, 255]","[0, 128, 0]","[255, 160, 122]","[255, 255, 255]","[255, 0, 0]","[255, 0, 0]","[255, 255, 0]","[255, 160, 122]","[255, 255, 255]","[255, 0, 0]","[0, 128, 0]",16
"[255, 255, 255]","[0, 0, 255]","[255, 255, 255]","[255, 160, 122]","[255, 255, 255]","[255, 255, 255]","[255, 255, 255]","[0, 128, 0]","[255, 255, 255]","[0, 0, 255]","[255, 255, 0]","[255, 160, 122]","[255, 255, 255]","[0, 128, 0]","[255, 160, 122]","[255, 0, 0]","[255, 255, 255]","[255, 0, 0]","[0, 128, 0]","[255, 255, 255]","[0, 0, 255]","[0, 0, 255]","[255, 0, 0]","[0, 128, 0]","[255, 255, 0]","[0, 128, 0]","[255, 255, 0]","[255, 160, 122]","[255, 160, 122]","[0, 128, 0]","[255, 160, 122]","[0, 0, 255]","[0, 0, 255]","[255, 160, 122]","[255, 0, 0]","[255, 160, 122]","[255, 0, 0]","[255, 0, 0]","[255, 0, 0]","[255, 255, 0]","[255, 160, 122]","[255, 0, 0]","[255, 255, 0]","[255, 255, 0]","[255, 255, 0]","[0, 128, 0]","[255, 0, 0]","[0, 128, 0]","[0, 0, 255]","[255, 255, 0]","[255, 255, 0]","[0, 0, 255]","[0, 128, 0]","[0, 0, 255]",16
"[255, 160, 122]","[0, 128, 0]","[255, 255, 255]","[255, 0, 0]","[255, 255, 255]","[255, 160, 122]","[255, 255, 255]","[255, 255, 0]","[255, 255, 255]","[255, 255, 0]","[255, 255, 0]","[255, 0, 0]","[0, 128, 0]","[0, 128, 0]","[255, 160, 122]","[255, 160, 122]","[0, 0, 255]","[255, 0, 0]","[0, 0, 255]","[0, 128, 0]","[0, 128, 0]","[255, 255, 255]","[255, 0, 0]","[255, 0, 0]","[0, 0, 255]","[0, 0, 255]","[255, 0, 0]","[255, 0, 0]","[0, 0, 255]","[255, 160, 122]","[255, 255, 255]","[0, 0, 255]","[0, 0, 255]","[255, 255, 0]","[255, 160, 122]","[0, 128, 0]","[0, 128, 0]","[255, 0, 0]","[0, 0, 255]","[255, 255, 255]","[255, 160, 122]","[255, 255, 255]","[255, 255, 0]","[255, 160, 122]","[255, 255, 255]","[255, 255, 0]","[255, 0, 0]","[0, 128, 0]","[255, 255, 0]","[255, 255, 0]","[255, 255, 0]","[0, 0, 255]","[0, 128, 0]","[255, 160, 122]",16
"[255, 160, 122]","[0, 0, 255]","[255, 255, 0]","[255, 0, 0]","[255, 255, 255]","[255, 255, 255]","[255, 0, 0]","[255, 0, 0]","[0, 128, 0]","[255, 255, 255]","[255, 255, 0]","[255, 255, 0]","[255, 160, 122]","[0, 128, 0]","[255, 255, 0]","[255, 255, 255]","[255, 255, 0]","[255, 255, 255]","[0, 0, 255]","[0, 128, 0]","[255, 0, 0]","[0, 0, 255]","[255, 0, 0]","[0, 0, 255]","[0, 0, 255]","[255, 160, 122]","[255, 160, 122]","[255, 255, 255]","[255, 0, 0]","[255, 160, 122]","[255, 160, 122]","[0, 0, 255]","[0, 128, 0]","[0, 128, 0]","[0, 0, 255]","[255, 0, 0]","[0, 0, 255]","[255, 255, 255]","[0, 128, 0]","[255, 255, 255]","[255, 160, 122]","[0, 128, 0]","[255, 255, 0]","[255, 160, 122]","[0, 0, 255]","[255, 0, 0]","[255, 255, 255]","[255, 255, 0]","[0, 128, 0]","[255, 255, 0]","[255, 0, 0]","[255, 160, 122]","[255, 255, 0]","[0, 128, 0]",16
"[255, 0, 0]","[0, 128, 0]","[255, 160, 122]","[0, 0, 255]","[255, 255, 255]","[255, 160, 122]","[0, 128, 0]","[255, 0, 0]","[255, 160, 122]","[255, 255, 0]","[255, 255, 0]","[255, 255, 255]","[0, 0, 255]","[0, 128, 0]","[0, 0, 255]","[255, 160, 122]","[255, 160, 122]","[0, 0, 255]","[255, 160, 122]","[255, 255, 255]","[255, 255, 255]","[255, 160, 122]","[255, 0, 0]","[0, 128, 0]","[255, 0, 0]","[255, 255, 255]","[255, 0, 0]","[0, 0, 255]","[255, 255, 0]","[0, 0, 255]","[255, 0, 0]","[0, 0, 255]","[255, 0, 0]","[0, 0, 255]","[255, 255, 255]","[0, 128, 0]","[255, 255, 0]","[255, 160, 122]","[0, 128, 0]","[255, 255, 0]","[255, 160, 122]","[255, 0, 0]","[255, 255, 255]","[255, 255, 0]","[255, 255, 0]","[255, 255, 255]","[0, 0, 255]","[255, 255, 0]","[255, 255, 255]","[255, 255, 0]","[0, 128, 0]","[0, 128, 0]","[0, 128, 0]","[255, 0, 0]",16
"[255, 255, 255]","[255, 160, 122]","[255, 160, 122]","[0, 0, 255]","[255, 255, 255]","[0, 128, 0]","[0, 128, 0]","[255, 255, 255]","[255, 160, 122]","[255, 160, 122]","[255, 255, 0]","[255, 255, 0]","[255, 160, 122]","[0, 128, 0]","[255, 160, 122]","[255, 255, 0]","[255, 255, 0]","[0, 0, 255]","[255, 0, 0]","[0, 128, 0]","[0, 128, 0]","[0, 128, 0]","[255, 0, 0]","[0, 0, 255]","[255, 0, 0]","[255, 160, 122]","[255, 0, 0]","[255, 255, 255]","[255, 255, 0]","[0, 0, 255]","[255, 0, 0]","[0, 0, 255]","[255, 255, 255]","[0, 0, 255]","[0, 128, 0]","[255, 0, 0]","[255, 255, 0]","[0, 0, 255]","[0, 0, 255]","[0, 0, 255]","[255, 160, 122]","[255, 255, 0]","[0, 128, 0]","[255, 0, 0]","[0, 128, 0]","[255, 255, 255]","[255, 255, 255]","[255, 255, 0]","[255, 0, 0]","[255, 255, 0]","[255, 0, 0]","[255, 160, 122]","[255, 255, 255]","[255, 255, 255]",17
"[0, 0, 255]","[255, 255, 0]","[0, 0, 255]","[0, 128, 0]","[255, 255, 255]","[255, 255, 255]","[255, 255, 0]","[0, 0, 255]","[0, 128, 0]","[255, 0, 0]","[255, 255, 0]","[0, 0, 255]","[255, 0, 0]","[0, 128, 0]","[255, 255, 255]","[255, 255, 255]","[255, 160, 122]","[0, 128, 0]","[255, 0, 0]","[255, 160, 122]","[255, 0, 0]","[255, 160, 122]","[255, 0, 0]","[255, 255, 0]","[255, 160, 122]","[0, 0, 255]","[255, 255, 0]","[255, 255, 255]","[0, 128, 0]","[255, 255, 0]","[255, 0, 0]","[0, 0, 255]","[255, 255, 0]","[255, 160, 122]","[255, 0, 0]","[255, 255, 0]","[255, 160, 122]","[255, 160, 122]","[255, 255, 255]","[0, 0, 255]","[255, 160, 122]","[255, 255, 255]","[0, 128, 0]","[0, 0, 255]","[0, 0, 255]","[255, 255, 255]","[255, 255, 255]","[0, 128, 0]","[0, 128, 0]","[255, 255, 0]","[0, 128, 0]","[255, 160, 122]","[255, 0, 0]","[255, 0, 0]",17
"[0, 128, 0]","[0, 128, 0]","[255, 160, 122]","[255, 160, 122]","[255, 255, 255]","[255, 160, 122]","[255, 255, 255]","[0, 128, 0]","[255, 255, 0]","[255, 160, 122]","[255, 255, 0]","[0, 128, 0]","[255, 255, 255]","[0, 128, 0]","[0, 0, 255]","[255, 0, 0]","[255, 255, 0]","[255, 160, 122]","[255, 0, 0]","[255, 160, 122]","[255, 0, 0]","[255, 160, 122]","[255, 0, 0]","[255, 255, 255]","[0, 128, 0]","[255, 0, 0]","[255, 160, 122]","[0, 128, 0]","[255, 255, 255]","[0, 0, 255]","[0, 128, 0]","[0, 0, 255]","[0, 0, 255]","[0, 0, 255]","[255, 255, 255]","[255, 0, 0]","[255, 255, 0]","[255, 0, 0]","[255, 255, 255]","[255, 255, 0]","[255, 160, 122]","[0, 0, 255]","[255, 255, 255]","[255, 0, 0]","[255, 255, 0]","[255, 255, 0]","[0, 0, 255]","[255, 255, 255]","[0, 128, 0]","[255, 255, 0]","[255, 0, 0]","[0, 0, 255]","[255, 255, 0]","[0, 0, 255]",17
"[255, 255, 0]","[0, 128, 0]","[255, 255, 0]","[0, 128, 0]","[255, 255, 255]","[255, 255, 255]","[0, 128, 0]","[255, 0, 0]","[0, 0, 255]","[0, 128, 0]","[255, 255, 255]","[255, 0, 0]","[255, 0, 0]","[0, 128, 0]","[255, 160, 122]","[255, 160, 122]","[255, 255, 0]","[255, 255, 0]","[255, 255, 255]","[255, 255, 255]","[255, 255, 255]","[0, 0, 255]","[255, 0, 0]","[0, 0, 255]","[255, 160, 122]","[0, 128, 0]","[255, 255, 255]","[255, 0, 0]","[255, 160, 122]","[0, 0, 255]","[255, 0, 0]","[0, 0, 255]","[255, 255, 255]","[0, 128, 0]","[255, 0, 0]","[255, 255, 255]","[255, 0, 0]","[255, 160, 122]","[255, 0, 0]","[0, 0, 255]","[255, 160, 122]","[0, 128, 0]","[255, 160, 122]","[0, 0, 255]","[0, 0, 255]","[0, 128, 0]","[255, 255, 0]","[255, 160, 122]","[255, 160, 122]","[255, 255, 0]","[255, 255, 0]","[255, 255, 0]","[255, 255, 0]","[0, 0, 255]",17
"[0, 128, 0]","[255, 255, 0]","[0, 0, 255]","[255, 255, 0]","[255, 255, 255]","[255, 0, 0]","[255, 0, 0]","[0, 0, 255]","[255, 160, 122]","[255, 0, 0]","[0, 128, 0]","[255, 255, 0]","[0, 0, 255]","[0, 128, 0]","[0, 0, 255]","[255, 160, 122]","[255, 160, 122]","[255, 0, 0]","[0, 0, 255]","[255, 255, 255]","[255, 255, 0]","[255, 255, 0]","[255, 0, 0]","[255, 255, 0]","[0, 128, 0]","[255, 0, 0]","[0, 128, 0]","[0, 128, 0]","[255, 255, 255]","[255, 160, 122]","[255, 0, 0]","[0, 0, 255]","[255, 255, 255]","[255, 160, 122]","[255, 160, 122]","[255, 0, 0]","[255, 255, 255]","[255, 160, 122]","[255, 255, 0]","[255, 160, 122]","[255, 160, 122]","[255, 0, 0]","[255, 255, 255]","[0, 128, 0]","[0, 0, 255]","[255, 255, 255]","[0, 128, 0]","[255, 255, 255]","[0, 0, 255]","[255, 255, 0]","[0, 128, 0]","[255, 255, 0]","[255, 255, 255]","[0, 0, 255]",17
"[255, 255, 255]","[255, 0, 0]","[0, 128, 0]","[0, 128, 0]","[255, 255, 255]","[255, 255, 0]","[255, 255, 255]","[255, 0, 0]","[255, 255, 255]","[255, 160, 122]","[255, 160, 122]","[0, 128, 0]","[255, 255, 255]","[0, 128, 0]","[255, 160, 122]","[255, 0, 0]","[0, 128, 0]","[0, 128, 0]","[255, 0, 0]","[0, 128, 0]","[255, 0, 0]","[0, 0, 255]","[255, 0, 0]","[255, 0, 0]","[255, 0, 0]","[255, 255, 0]","[0, 0, 255]","[0, 0, 255]","[0, 128, 0]","[255, 160, 122]","[255, 255, 255]","[0, 0, 255]","[255, 0, 0]","[255, 160, 122]","[255, 255, 255]","[255, 255, 255]","[255, 255, 0]","[255, 255, 0]","[0, 0, 255]","[0, 0, 255]","[255, 160, 122]","[255, 160, 122]","[0, 128, 0]","[0, 0, 255]","[255, 255, 0]","[255, 255, 0]","[255, 160, 122]","[255, 255, 0]","[255, 255, 255]","[255, 255, 0]","[0, 0, 255]","[0, 0, 255]","[255, 255, 0]","[255, 160, 122]",18
"[255, 255, 255]","[255, 160, 122]","[255, 255, 0]","[255, 255, 0]","[255, 255, 255]","[255, 0, 0]","[255, 255, 255]","[0, 128, 0]","[0, 128, 0]","[0, 0, 255]","[0, 128, 0]","[0, 128, 0]","[255, 160, 122]","[0, 128, 0]","[255, 0, 0]","[255, 255, 0]","[255, 160, 122]","[255, 255, 0]","[255, 0, 0]","[255, 255, 255]","[255, 160, 122]","[255, 255, 0]","[255, 0, 0]","[255, 0, 0]","[255, 0, 0]","[255, 160, 122]","[0, 128, 0]","[255, 255, 0]","[0, 0, 255]","[255, 160, 122]","[255, 255, 255]","[0, 0, 255]","[0, 0, 255]","[255, 160, 122]","[0, 0, 255]","[0, 0, 255]","[0, 0, 255]","[255, 255, 255]","[255, 0, 0]","[255, 255, 0]","[255, 160, 122]","[255, 255, 0]","[255, 255, 255]","[255, 0, 0]","[255, 0, 0]","[0, 0, 255]","[0, 128, 0]","[255, 255, 255]","[0, 0, 255]","[255, 255, 0]","[255, 255, 255]","[0, 128, 0]","[0, 128, 0]","[255, 160, 122]",18
"[255, 160, 122]","[255, 255, 255]","[0, 0, 255]","[255, 255, 0]","[255, 255, 255]","[255, 0, 0]","[255, 0, 0]","[255, 160, 122]","[0, 0, 255]","[255, 255, 0]","[255, 0, 0]","[255, 255, 0]","[255, 255, 0]","[0, 128, 0]","[255, 160, 122]","[255, 160, 122]","[255, 160, 122]","[255, 255, 0]","[0, 0, 255]","[255, 255, 255]","[255, 255, 255]","[0, 0, 255]","[255, 0, 0]","[255, 255, 255]","[0, 128, 0]","[0, 128, 0]","[255, 160, 122]","[255, 0, 0]","[0, 0, 255]","[255, 160, 122]","[0, 128, 0]","[0, 0, 255]","[255, 160, 122]","[0, 128, 0]","[0, 0, 255]","[0, 128, 0]","[255, 255, 255]","[255, 0, 0]","[0, 0, 255]","[0, 128, 0]","[255, 160, 122]","[0, 128, 0]","[255, 255, 255]","[0, 0, 255]","[0, 128, 0]","[255, 0, 0]","[255, 0, 0]","[255, 255, 0]","[255, 255, 0]","[255, 255, 0]","[255, 255, 255]","[255, 255, 255]","[255, 255, 0]","[255, 0, 0]",18
"[0, 0, 255]","[255, 255, 0]","[0, 128, 0]","[255, 255, 255]","[255, 255, 255]","[255, 160, 122]","[255, 255, 255]","[255, 160, 122]","[255, 160, 122]","[255, 255, 0]","[255, 0, 0]","[0, 128, 0]","[255, 255, 255]","[0, 128, 0]","[255, 160, 122]","[0, 0, 255]","[255, 255, 255]","[255, 160, 122]","[255, 0, 0]","[0, 128, 0]","[0, 0, 255]","[255, 255, 0]","[255, 0, 0]","[0, 128, 0]","[0, 128, 0]","[0, 0, 255]","[0, 0, 255]","[255, 255, 0]","[0, 0, 255]","[255, 255, 0]","[255, 0, 0]","[0, 0, 255]","[255, 0, 0]","[255, 0, 0]","[255, 0, 0]","[255, 160, 122]","[255, 0, 0]","[0, 0, 255]","[255, 0, 0]","[255, 255, 0]","[255, 160, 122]","[0, 128, 0]","[255, 255, 255]","[0, 128, 0]","[255, 160, 122]","[255, 255, 0]","[255, 255, 255]","[255, 255, 255]","[255, 160, 122]","[255, 255, 0]","[0, 0, 255]","[255, 255, 255]","[255, 255, 0]","[0, 128, 0]",18
"[0, 0, 255]","[255, 160, 122]","[255, 0, 0]","[255, 255, 255]","[255, 255, 255]","[255, 255, 0]","[255, 255, 255]","[255, 0, 0]","[255, 255, 255]","[255, 255, 0]","[255, 0, 0]","[0, 128, 0]","[255, 255, 255]","[0, 128, 0]","[0, 0, 255]","[0, 128, 0]","[255, 255, 0]","[255, 160, 122]","[255, 0, 0]","[255, 255, 0]","[255, 0, 0]","[255, 255, 0]","[255, 0, 0]","[0, 0, 255]","[255, 255, 0]","[255, 160, 122]","[255, 255, 255]","[0, 0, 255]","[0, 128, 0]","[0, 128, 0]","[255, 0, 0]","[0, 0, 255]","[0, 128, 0]","[255, 160, 122]","[0, 0, 255]","[255, 255, 255]","[255, 255, 0]","[0, 128, 0]","[255, 0, 0]","[255, 255, 255]","[255, 160, 122]","[0, 0, 255]","[0, 128, 0]","[0, 128, 0]","[255, 160, 122]","[0, 0, 255]","[255, 255, 255]","[0, 0, 255]","[255, 160, 122]","[255, 255, 0]","[255, 160, 122]","[255, 255, 0]","[255, 0, 0]","[255, 160, 122]",18
"[255, 0, 0]","[255, 255, 0]","[255, 160, 122]","[0, 0, 255]","[255, 255, 255]","[0, 0, 255]","[255, 160, 122]","[255, 255, 0]","[255, 0, 0]","[255, 255, 0]","[255, 255, 255]","[255, 255, 0]","[255, 0, 0]","[0, 128, 0]","[255, 255, 255]","[255, 0, 0]","[255, 0, 0]","[255, 160, 122]","[0, 128, 0]","[255, 160, 122]","[255, 255, 0]","[255, 0, 0]","[255, 0, 0]","[0, 128, 0]","[0, 0, 255]","[255, 255, 0]","[0, 128, 0]","[0, 0, 255]","[255, 255, 0]","[0, 0, 255]","[255, 160, 122]","[0, 0, 255]","[255, 160, 122]","[255, 160, 122]","[0, 128, 0]","[255, 0, 0]","[255, 255, 0]","[0, 128, 0]","[0, 128, 0]","[0, 0, 255]","[255, 160, 122]","[0, 128, 0]","[255, 255, 255]","[255, 160, 122]","[255, 255, 255]","[255, 255, 255]","[255, 0, 0]","[255, 255, 255]","[0, 0, 255]","[255, 255, 0]","[255, 255, 255]","[0, 128, 0]","[255, 255, 255]","[0, 0, 255]",19
"[0, 0, 255]","[255, 0, 0]","[255, 160, 122]","[255, 255, 0]","[255, 255, 255]","[255, 255, 255]","[255, 255, 255]","[255, 0, 0]","[255, 0, 0]","[255, 255, 0]","[0, 0, 255]","[0, 0, 255]","[0, 128, 0]","[0, 128, 0]","[255, 255, 255]","[255, 255, 0]","[0, 0, 255]","[255, 0, 0]","[255, 160, 122]","[255, 255, 255]","[0, 128, 0]","[255, 160, 122]","[255, 0, 0]","[0, 128, 0]","[0, 128, 0]","[255, 160, 122]","[0, 128, 0]","[255, 255, 0]","[0, 0, 255]","[255, 255, 0]","[255, 160, 122]","[0, 0, 255]","[0, 128, 0]","[255, 160, 122]","[0, 0, 255]","[0, 0, 255]","[0, 128, 0]","[255, 255, 0]","[255, 0, 0]","[255, 255, 0]","[255, 160, 122]","[255, 0, 0]","[255, 0, 0]","[0, 128, 0]","[255, 160, 122]","[255, 255, 255]","[255, 255, 0]","[255, 255, 255]","[255, 160, 122]","[255, 255, 0]","[255, 0, 0]","[0, 0, 255]","[255, 255, 255]","[255, 255, 255]",19
"[0, 0, 255]","[255, 255, 0]","[0, 0, 255]","[255, 255, 255]","[255, 255, 255]","[255, 255, 0]","[0, 128, 0]","[0, 128, 0]","[255, 255, 0]","[255, 255, 255]","[0, 128, 0]","[255, 255, 0]","[0, 128, 0]","[0, 128, 0]","[255, 160, 122]","[0, 128, 0]","[0, 0, 255]","[255, 255, 255]","[255, 0, 0]","[255, 0, 0]","[0, 128, 0]","[255, 255, 255]","[255, 0, 0]","[255, 255, 255]","[0, 0, 255]","[255, 160, 122]","[255, 160, 122]","[255, 160, 122]","[255, 0, 0]","[255, 255, 0]","[0, 0, 255]","[0, 0, 255]","[255, 0, 0]","[255, 255, 255]","[255, 160, 122]","[255, 255, 0]","[255, 160, 122]","[255, 160, 122]","[255, 160, 122]","[255, 255, 255]","[255, 160, 122]","[255, 255, 0]","[255, 0, 0]","[255, 0, 0]","[255, 0, 0]","[255, 0, 0]","[0, 128, 0]","[0, 128, 0]","[255, 255, 0]","[255, 255, 0]","[0, 0, 255]","[255, 255, 255]","[0, 0, 255]","[0, 0, 255]",19
"[255, 255, 255]","[255, 255, 255]","[0, 0, 255]","[255, 160, 122]","[255, 255, 255]","[255, 255, 0]","[0, 0, 255]","[255, 255, 255]","[0, 128, 0]","[255, 160, 122]","[0, 128, 0]","[255, 0, 0]","[255, 255, 0]","[0, 128, 0]","[0, 128, 0]","[255, 160, 122]","[0, 128, 0]","[255, 255, 0]","[255, 255, 0]","[255, 160, 122]","[255, 160, 122]","[255, 255, 255]","[255, 0, 0]","[0, 0, 255]","[0, 128, 0]","[255, 255, 255]","[0, 0, 255]","[255, 255, 0]","[0, 0, 255]","[255, 255, 0]","[255, 0, 0]","[0, 0, 255]","[0, 128, 0]","[255, 0, 0]","[255, 160, 122]","[255, 255, 255]","[255, 160, 122]","[255, 0, 0]","[0, 0, 255]","[255, 255, 0]","[255, 160, 122]","[255, 0, 0]","[255, 0, 0]","[255, 160, 122]","[0, 128, 0]","[255, 0, 0]","[0, 0, 255]","[255, 255, 255]","[255, 0, 0]","[255, 255, 0]","[0, 0, 255]","[255, 255, 255]","[255, 255, 0]","[0, 128, 0]",19
"[0, 128, 0]","[255, 160, 122]","[255, 255, 0]","[255, 0, 0]","[255, 255, 255]","[255, 255, 0]","[255, 0, 0]","[0, 0, 255]","[255, 160, 122]","[255, 160, 122]","[0, 0, 255]","[255, 255, 255]","[0, 128, 0]","[0, 128, 0]","[255, 160, 122]","[255, 0, 0]","[255, 0, 0]","[255, 0, 0]","[0, 128, 0]","[255, 255, 255]","[255, 255, 0]","[0, 128, 0]","[255, 0, 0]","[0, 0, 255]","[255, 255, 255]","[255, 255, 0]","[255, 255, 0]","[0, 128, 0]","[255, 160, 122]","[255, 160, 122]","[255, 255, 0]","[0, 0, 255]","[255, 255, 255]","[0, 128, 0]","[0, 0, 255]","[0, 0, 255]","[0, 0, 255]","[255, 255, 255]","[255, 255, 255]","[255, 0, 0]","[255, 160, 122]","[255, 255, 255]","[255, 255, 255]","[255, 255, 0]","[255, 255, 0]","[0, 0, 255]","[0, 128, 0]","[255, 0, 0]","[0, 128, 0]","[255, 255, 0]","[255, 160, 122]","[0, 0, 255]","[255, 0, 0]","[255, 160, 122]",19
